PLATFORM,DATE (YYYY-MM-DDTHH:MI:SSZ),LATITUDE (degree_north),LONGITUDE (degree_east),DEPH (meter),TEMP (degree_Celsius),QC,STATION_NUMBER
ONDB,2009-01-03T22:57:00Z,18.0000,125.3900,1,,011119,13098775
ONDB,2009-01-03T22:57:00Z,18.0000,125.3900,2,,011119,13098775
ONDB,2009-01-03T22:57:00Z,18.0000,125.3900,3,,011119,13098775
ONDB,2009-01-03T22:57:00Z,18.0000,125.3900,4,,011119,13098775
ONDB,2009-01-03T22:57:00Z,18.0000,125.3900,5,25.1415,011111,13098775
ONDB,2009-01-03T22:57:00Z,18.0000,125.3900,6,25.137,011111,13098775
ONDB,2009-01-03T22:57:00Z,18.0000,125.3900,7,25.1325,011111,13098775
ONDB,2009-01-03T22:57:00Z,18.0000,125.3900,8,25.155,011111,13098775
ONDB,2009-01-03T22:57:00Z,18.0000,125.3900,9,25.121,011111,13098775
ONDB,2009-01-03T22:57:00Z,18.0000,125.3900,10,25.105,011111,13098775
ONDB,2009-01-03T22:57:00Z,18.0000,125.3900,11,25.091,011111,13098775
ONDB,2009-01-03T22:57:00Z,18.0000,125.3900,12,25.077,011111,13098775
ONDB,2009-01-03T22:57:00Z,18.0000,125.3900,13,25.0685,011111,13098775
ONDB,2009-01-03T22:57:00Z,18.0000,125.3900,14,25.059,011111,13098775
ONDB,2009-01-03T22:57:00Z,18.0000,125.3900,15,25.0295,011111,13098775
ONDB,2009-01-03T22:57:00Z,18.0000,125.3900,16,24.995,011111,13098775
ONDB,2009-01-03T22:57:00Z,18.0000,125.3900,17,24.9815,011111,13098775
ONDB,2009-01-03T22:57:00Z,18.0000,125.3900,18,24.972,011111,13098775
ONDB,2009-01-03T22:57:00Z,18.0000,125.3900,19,24.9765,011111,13098775
ONDB,2009-01-03T22:57:00Z,18.0000,125.3900,20,24.959,011111,13098775
ONDB,2009-01-03T22:57:00Z,18.0000,125.3900,21,24.9565,011111,13098775
ONDB,2009-01-03T22:57:00Z,18.0000,125.3900,22,24.927,011111,13098775
ONDB,2009-01-03T22:57:00Z,18.0000,125.3900,23,24.927,011111,13098775
ONDB,2009-01-03T22:57:00Z,18.0000,125.3900,24,24.922,011111,13098775
ONDB,2009-01-03T22:57:00Z,18.0000,125.3900,25,24.9175,011111,13098775
ONDB,2009-01-03T22:57:00Z,18.0000,125.3900,26,24.936,011111,13098775
ONDB,2009-01-03T22:57:00Z,18.0000,125.3900,27,24.9355,011111,13098775
ONDB,2009-01-03T22:57:00Z,18.0000,125.3900,28,24.95,011111,13098775
ONDB,2009-01-03T22:57:00Z,18.0000,125.3900,29,24.9495,011111,13098775
ONDB,2009-01-03T22:57:00Z,18.0000,125.3900,30,24.977,011111,13098775
ONDB,2009-01-03T22:57:00Z,18.0000,125.3900,31,25.013,011111,13098775
ONDB,2009-01-03T22:57:00Z,18.0000,125.3900,32,25.059,011111,13098775
ONDB,2009-01-03T22:57:00Z,18.0000,125.3900,33,25.075,011111,13098775
ONDB,2009-01-03T22:57:00Z,18.0000,125.3900,34,25.096,011111,13098775
ONDB,2009-01-03T22:57:00Z,18.0000,125.3900,35,25.089,011111,13098775
ONDB,2009-01-03T22:57:00Z,18.0000,125.3900,36,25.087,011111,13098775
ONDB,2009-01-03T22:57:00Z,18.0000,125.3900,37,25.096,011111,13098775
ONDB,2009-01-03T22:57:00Z,18.0000,125.3900,38,25.109,011111,13098775
ONDB,2009-01-03T22:57:00Z,18.0000,125.3900,39,25.1205,011111,13098775
ONDB,2009-01-03T22:57:00Z,18.0000,125.3900,40,25.123,011111,13098775
ONDB,2009-01-03T22:57:00Z,18.0000,125.3900,41,25.144,011111,13098775
ONDB,2009-01-03T22:57:00Z,18.0000,125.3900,42,25.137,011111,13098775
ONDB,2009-01-03T22:57:00Z,18.0000,125.3900,43,25.1255,011111,13098775
ONDB,2009-01-03T22:57:00Z,18.0000,125.3900,44,25.114,011111,13098775
ONDB,2009-01-03T22:57:00Z,18.0000,125.3900,45,25.1025,011111,13098775
ONDB,2009-01-03T22:57:00Z,18.0000,125.3900,46,25.109,011111,13098775
ONDB,2009-01-03T22:57:00Z,18.0000,125.3900,47,25.114,011111,13098775
ONDB,2009-01-03T22:57:00Z,18.0000,125.3900,48,25.105,011111,13098775
ONDB,2009-01-03T22:57:00Z,18.0000,125.3900,49,25.1165,011111,13098775
ONDB,2009-01-03T22:57:00Z,18.0000,125.3900,50,25.091,011111,13098775
ONDB,2009-01-03T22:57:00Z,18.0000,125.3900,51,25.0955,011111,13098775
ONDB,2009-01-03T22:57:00Z,18.0000,125.3900,52,25.077,011111,13098775
ONDB,2009-01-03T22:57:00Z,18.0000,125.3900,53,25.082,011111,13098775
ONDB,2009-01-03T22:57:00Z,18.0000,125.3900,54,25.091,011111,13098775
ONDB,2009-01-03T22:57:00Z,18.0000,125.3900,55,25.061,011111,13098775
ONDB,2009-01-03T22:57:00Z,18.0000,125.3900,56,25.054,011111,13098775
ONDB,2009-01-03T22:57:00Z,18.0000,125.3900,57,25.048,011111,13098775
ONDB,2009-01-03T22:57:00Z,18.0000,125.3900,58,25.027,011111,13098775
ONDB,2009-01-03T22:57:00Z,18.0000,125.3900,59,25.0455,011111,13098775
ONDB,2009-01-03T22:57:00Z,18.0000,125.3900,60,25.022,011111,13098775
ONDB,2009-01-03T22:57:00Z,18.0000,125.3900,61,25.0135,011111,13098775
ONDB,2009-01-03T22:57:00Z,18.0000,125.3900,62,25.009,011111,13098775
ONDB,2009-01-03T22:57:00Z,18.0000,125.3900,63,25.002,011111,13098775
ONDB,2009-01-03T22:57:00Z,18.0000,125.3900,64,24.995,011111,13098775
ONDB,2009-01-03T22:57:00Z,18.0000,125.3900,65,24.961,011111,13098775
ONDB,2009-01-03T22:57:00Z,18.0000,125.3900,66,24.954,011111,13098775
ONDB,2009-01-03T22:57:00Z,18.0000,125.3900,67,24.9585,011111,13098775
ONDB,2009-01-03T22:57:00Z,18.0000,125.3900,68,24.968,011111,13098775
ONDB,2009-01-03T22:57:00Z,18.0000,125.3900,69,24.97,011111,13098775
ONDB,2009-01-03T22:57:00Z,18.0000,125.3900,70,24.963,011111,13098775
ONDB,2009-01-03T22:57:00Z,18.0000,125.3900,71,24.9765,011111,13098775
ONDB,2009-01-03T22:57:00Z,18.0000,125.3900,72,24.968,011111,13098775
ONDB,2009-01-03T22:57:00Z,18.0000,125.3900,73,25.004,011111,13098775
ONDB,2009-01-03T22:57:00Z,18.0000,125.3900,74,24.995,011111,13098775
ONDB,2009-01-03T22:57:00Z,18.0000,125.3900,75,24.9995,011111,13098775
ONDB,2009-01-03T22:57:00Z,18.0000,125.3900,76,25.045,011111,13098775
ONDB,2009-01-03T22:57:00Z,18.0000,125.3900,77,25.045,011111,13098775
ONDB,2009-01-03T22:57:00Z,18.0000,125.3900,78,25.041,011111,13098775
ONDB,2009-01-03T22:57:00Z,18.0000,125.3900,79,25.0475,011111,13098775
ONDB,2009-01-03T22:57:00Z,18.0000,125.3900,80,25.059,011111,13098775
ONDB,2009-01-03T22:57:00Z,18.0000,125.3900,81,25.0705,011111,13098775
ONDB,2009-01-03T22:57:00Z,18.0000,125.3900,82,25.082,011111,13098775
ONDB,2009-01-03T22:57:00Z,18.0000,125.3900,83,25.1005,011111,13098775
ONDB,2009-01-03T22:57:00Z,18.0000,125.3900,84,25.123,011111,13098775
ONDB,2009-01-03T22:57:00Z,18.0000,125.3900,85,25.128,011111,13098775
ONDB,2009-01-03T22:57:00Z,18.0000,125.3900,86,25.123,011111,13098775
ONDB,2009-01-03T22:57:00Z,18.0000,125.3900,87,25.1095,011111,13098775
ONDB,2009-01-03T22:57:00Z,18.0000,125.3900,88,25.096,011111,13098775
ONDB,2009-01-03T22:57:00Z,18.0000,125.3900,89,25.0955,011111,13098775
ONDB,2009-01-03T22:57:00Z,18.0000,125.3900,90,25.077,011111,13098775
ONDB,2009-01-03T22:57:00Z,18.0000,125.3900,91,25.066,011111,13098775
ONDB,2009-01-03T22:57:00Z,18.0000,125.3900,92,25.018,011111,13098775
ONDB,2009-01-03T22:57:00Z,18.0000,125.3900,93,25.002,011111,13098775
ONDB,2009-01-03T22:57:00Z,18.0000,125.3900,94,24.972,011111,13098775
ONDB,2009-01-03T22:57:00Z,18.0000,125.3900,95,24.97,011111,13098775
ONDB,2009-01-03T22:57:00Z,18.0000,125.3900,96,24.972,011111,13098775
ONDB,2009-01-03T22:57:00Z,18.0000,125.3900,97,24.9995,011111,13098775
ONDB,2009-01-03T22:57:00Z,18.0000,125.3900,98,24.959,011111,13098775
ONDB,2009-01-03T22:57:00Z,18.0000,125.3900,99,24.952,011111,13098775
ONDB,2009-01-03T22:57:00Z,18.0000,125.3900,100,24.94,011111,13098775
ONDB,2009-01-03T22:57:00Z,18.0000,125.3900,101,24.915,011111,13098775
ONDB,2009-01-03T22:57:00Z,18.0000,125.3900,102,24.913,011111,13098775
ONDB,2009-01-03T22:57:00Z,18.0000,125.3900,103,24.934,011111,13098775
ONDB,2009-01-03T22:57:00Z,18.0000,125.3900,104,24.945,011111,13098775
ONDB,2009-01-03T22:57:00Z,18.0000,125.3900,105,24.94,011111,13098775
ONDB,2009-01-03T22:57:00Z,18.0000,125.3900,106,24.959,011111,13098775
ONDB,2009-01-03T22:57:00Z,18.0000,125.3900,107,24.959,011111,13098775
ONDB,2009-01-03T22:57:00Z,18.0000,125.3900,108,24.968,011111,13098775
ONDB,2009-01-03T22:57:00Z,18.0000,125.3900,109,24.977,011111,13098775
ONDB,2009-01-03T22:57:00Z,18.0000,125.3900,110,24.9905,011111,13098775
ONDB,2009-01-03T22:57:00Z,18.0000,125.3900,111,24.991,011111,13098775
ONDB,2009-01-03T22:57:00Z,18.0000,125.3900,112,24.977,011111,13098775
ONDB,2009-01-03T22:57:00Z,18.0000,125.3900,113,24.945,011111,13098775
ONDB,2009-01-03T22:57:00Z,18.0000,125.3900,114,24.8155,011111,13098775
ONDB,2009-01-03T22:57:00Z,18.0000,125.3900,115,24.728,011111,13098775
ONDB,2009-01-03T22:57:00Z,18.0000,125.3900,116,24.629,011111,13098775
ONDB,2009-01-03T22:57:00Z,18.0000,125.3900,117,24.611,011111,13098775
ONDB,2009-01-03T22:57:00Z,18.0000,125.3900,118,24.524,011111,13098775
ONDB,2009-01-03T22:57:00Z,18.0000,125.3900,119,24.38,011111,13098775
ONDB,2009-01-03T22:57:00Z,18.0000,125.3900,120,24.254,011111,13098775
ONDB,2009-01-03T22:57:00Z,18.0000,125.3900,121,24.129,011111,13098775
ONDB,2009-01-03T22:57:00Z,18.0000,125.3900,122,24.014,011111,13098775
ONDB,2009-01-03T22:57:00Z,18.0000,125.3900,123,23.977,011111,13098775
ONDB,2009-01-03T22:57:00Z,18.0000,125.3900,124,23.962,011111,13098775
ONDB,2009-01-03T22:57:00Z,18.0000,125.3900,125,23.89,011111,13098775
ONDB,2009-01-03T22:57:00Z,18.0000,125.3900,126,23.7525,011111,13098775
ONDB,2009-01-03T22:57:00Z,18.0000,125.3900,127,23.684,011111,13098775
ONDB,2009-01-03T22:57:00Z,18.0000,125.3900,128,23.6415,011111,13098775
ONDB,2009-01-03T22:57:00Z,18.0000,125.3900,129,23.535,011111,13098775
ONDB,2009-01-03T22:57:00Z,18.0000,125.3900,130,23.472,011111,13098775
ONDB,2009-01-03T22:57:00Z,18.0000,125.3900,131,23.383,011111,13098775
ONDB,2009-01-03T22:57:00Z,18.0000,125.3900,132,23.32,011111,13098775
ONDB,2009-01-03T22:57:00Z,18.0000,125.3900,133,23.299,011111,13098775
ONDB,2009-01-03T22:57:00Z,18.0000,125.3900,134,23.2675,011111,13098775
ONDB,2009-01-03T22:57:00Z,18.0000,125.3900,135,23.241,011111,13098775
ONDB,2009-01-03T22:57:00Z,18.0000,125.3900,136,23.043,011111,13098775
ONDB,2009-01-03T22:57:00Z,18.0000,125.3900,137,22.917,011111,13098775
ONDB,2009-01-03T22:57:00Z,18.0000,125.3900,138,22.8865,011111,13098775
ONDB,2009-01-03T22:57:00Z,18.0000,125.3900,139,22.872,011111,13098775
ONDB,2009-01-03T22:57:00Z,18.0000,125.3900,140,22.8255,011111,13098775
ONDB,2009-01-03T22:57:00Z,18.0000,125.3900,141,22.729,011111,13098775
ONDB,2009-01-03T22:57:00Z,18.0000,125.3900,142,22.6215,011111,13098775
ONDB,2009-01-03T22:57:00Z,18.0000,125.3900,143,22.5245,011111,13098775
ONDB,2009-01-03T22:57:00Z,18.0000,125.3900,144,22.466,011111,13098775
ONDB,2009-01-03T22:57:00Z,18.0000,125.3900,145,22.4,011111,13098775
ONDB,2009-01-03T22:57:00Z,18.0000,125.3900,146,22.322,011111,13098775
ONDB,2009-01-03T22:57:00Z,18.0000,125.3900,147,22.37,011111,13098775
ONDB,2009-01-03T22:57:00Z,18.0000,125.3900,148,22.354,011111,13098775
ONDB,2009-01-03T22:57:00Z,18.0000,125.3900,149,22.3,011111,13098775
ONDB,2009-01-03T22:57:00Z,18.0000,125.3900,150,22.258,011111,13098775
ONDB,2009-01-03T22:57:00Z,18.0000,125.3900,151,22.203,011111,13098775
ONDB,2009-01-03T22:57:00Z,18.0000,125.3900,152,22.159,011111,13098775
ONDB,2009-01-03T22:57:00Z,18.0000,125.3900,153,22.0865,011111,13098775
ONDB,2009-01-03T22:57:00Z,18.0000,125.3900,154,22.025,011111,13098775
ONDB,2009-01-03T22:57:00Z,18.0000,125.3900,155,21.9215,011111,13098775
ONDB,2009-01-03T22:57:00Z,18.0000,125.3900,156,21.795,011111,13098775
ONDB,2009-01-03T22:57:00Z,18.0000,125.3900,157,21.775,011111,13098775
ONDB,2009-01-03T22:57:00Z,18.0000,125.3900,158,21.74,011111,13098775
ONDB,2009-01-03T22:57:00Z,18.0000,125.3900,159,21.721,011111,13098775
ONDB,2009-01-03T22:57:00Z,18.0000,125.3900,160,21.709,011111,13098775
ONDB,2009-01-03T22:57:00Z,18.0000,125.3900,161,21.698,011111,13098775
ONDB,2009-01-03T22:57:00Z,18.0000,125.3900,162,21.655,011111,13098775
ONDB,2009-01-03T22:57:00Z,18.0000,125.3900,163,21.6145,011111,13098775
ONDB,2009-01-03T22:57:00Z,18.0000,125.3900,164,21.594,011111,13098775
ONDB,2009-01-03T22:57:00Z,18.0000,125.3900,165,21.4765,011111,13098775
ONDB,2009-01-03T22:57:00Z,18.0000,125.3900,166,21.376,011111,13098775
ONDB,2009-01-03T22:57:00Z,18.0000,125.3900,167,21.351,011111,13098775
ONDB,2009-01-03T22:57:00Z,18.0000,125.3900,168,21.2905,011111,13098775
ONDB,2009-01-03T22:57:00Z,18.0000,125.3900,169,21.145,011111,13098775
ONDB,2009-01-03T22:57:00Z,18.0000,125.3900,170,21.0455,011111,13098775
ONDB,2009-01-03T22:57:00Z,18.0000,125.3900,171,20.992,011111,13098775
ONDB,2009-01-03T22:57:00Z,18.0000,125.3900,172,20.956,011111,13098775
ONDB,2009-01-03T22:57:00Z,18.0000,125.3900,173,20.921,011111,13098775
ONDB,2009-01-03T22:57:00Z,18.0000,125.3900,174,20.9135,011111,13098775
ONDB,2009-01-03T22:57:00Z,18.0000,125.3900,175,20.91,011111,13098775
ONDB,2009-01-03T22:57:00Z,18.0000,125.3900,176,20.869,011111,13098775
ONDB,2009-01-03T22:57:00Z,18.0000,125.3900,177,20.858,011111,13098775
ONDB,2009-01-03T22:57:00Z,18.0000,125.3900,178,20.856,011111,13098775
ONDB,2009-01-03T22:57:00Z,18.0000,125.3900,179,20.843,011111,13098775
ONDB,2009-01-03T22:57:00Z,18.0000,125.3900,180,20.8245,011111,13098775
ONDB,2009-01-03T22:57:00Z,18.0000,125.3900,181,20.802,011111,13098775
ONDB,2009-01-03T22:57:00Z,18.0000,125.3900,182,20.771,011111,13098775
ONDB,2009-01-03T22:57:00Z,18.0000,125.3900,183,20.766,011111,13098775
ONDB,2009-01-03T22:57:00Z,18.0000,125.3900,184,20.7655,011111,13098775
ONDB,2009-01-03T22:57:00Z,18.0000,125.3900,185,20.714,011111,13098775
ONDB,2009-01-03T22:57:00Z,18.0000,125.3900,186,20.6735,011111,13098775
ONDB,2009-01-03T22:57:00Z,18.0000,125.3900,187,20.63,011111,13098775
ONDB,2009-01-03T22:57:00Z,18.0000,125.3900,188,20.5325,011111,13098775
ONDB,2009-01-03T22:57:00Z,18.0000,125.3900,189,20.393,011111,13098775
ONDB,2009-01-03T22:57:00Z,18.0000,125.3900,190,20.2995,011111,13098775
ONDB,2009-01-03T22:57:00Z,18.0000,125.3900,191,20.249,011111,13098775
ONDB,2009-01-03T22:57:00Z,18.0000,125.3900,192,20.227,011111,13098775
ONDB,2009-01-03T22:57:00Z,18.0000,125.3900,193,20.2165,011111,13098775
ONDB,2009-01-03T22:57:00Z,18.0000,125.3900,194,20.202,011111,13098775
ONDB,2009-01-03T22:57:00Z,18.0000,125.3900,195,20.1755,011111,13098775
ONDB,2009-01-03T22:57:00Z,18.0000,125.3900,196,20.145,011111,13098775
ONDB,2009-01-03T22:57:00Z,18.0000,125.3900,197,20.1005,011111,13098775
ONDB,2009-01-03T22:57:00Z,18.0000,125.3900,198,20.01,011111,13098775
ONDB,2009-01-03T22:57:00Z,18.0000,125.3900,199,19.944,011111,13098775
ONDB,2009-01-03T22:57:00Z,18.0000,125.3900,200,19.897,011111,13098775
ONDB,2009-01-03T22:57:00Z,18.0000,125.3900,201,19.8565,011111,13098775
ONDB,2009-01-03T22:57:00Z,18.0000,125.3900,202,19.83,011111,13098775
ONDB,2009-01-03T22:57:00Z,18.0000,125.3900,203,19.739,011111,13098775
ONDB,2009-01-03T22:57:00Z,18.0000,125.3900,204,19.617,011111,13098775
ONDB,2009-01-03T22:57:00Z,18.0000,125.3900,205,19.523,011111,13098775
ONDB,2009-01-03T22:57:00Z,18.0000,125.3900,206,19.485,011111,13098775
ONDB,2009-01-03T22:57:00Z,18.0000,125.3900,207,19.4385,011111,13098775
ONDB,2009-01-03T22:57:00Z,18.0000,125.3900,208,19.437,011111,13098775
ONDB,2009-01-03T22:57:00Z,18.0000,125.3900,209,19.428,011111,13098775
ONDB,2009-01-03T22:57:00Z,18.0000,125.3900,210,19.416,011111,13098775
ONDB,2009-01-03T22:57:00Z,18.0000,125.3900,211,19.413,011111,13098775
ONDB,2009-01-03T22:57:00Z,18.0000,125.3900,212,19.387,011111,13098775
ONDB,2009-01-03T22:57:00Z,18.0000,125.3900,213,19.378,011111,13098775
ONDB,2009-01-03T22:57:00Z,18.0000,125.3900,214,19.354,011111,13098775
ONDB,2009-01-03T22:57:00Z,18.0000,125.3900,215,19.327,011111,13098775
ONDB,2009-01-03T22:57:00Z,18.0000,125.3900,216,19.313,011111,13098775
ONDB,2009-01-03T22:57:00Z,18.0000,125.3900,217,19.286,011111,13098775
ONDB,2009-01-03T22:57:00Z,18.0000,125.3900,218,19.255,011111,13098775
ONDB,2009-01-03T22:57:00Z,18.0000,125.3900,219,19.207,011111,13098775
ONDB,2009-01-03T22:57:00Z,18.0000,125.3900,220,19.1835,011111,13098775
ONDB,2009-01-03T22:57:00Z,18.0000,125.3900,221,19.173,011111,13098775
ONDB,2009-01-03T22:57:00Z,18.0000,125.3900,222,19.153,011111,13098775
ONDB,2009-01-03T22:57:00Z,18.0000,125.3900,223,19.126,011111,13098775
ONDB,2009-01-03T22:57:00Z,18.0000,125.3900,224,19.109,011111,13098775
ONDB,2009-01-03T22:57:00Z,18.0000,125.3900,225,19.102,011111,13098775
ONDB,2009-01-03T22:57:00Z,18.0000,125.3900,226,19.0835,011111,13098775
ONDB,2009-01-03T22:57:00Z,18.0000,125.3900,227,19.034,011111,13098775
ONDB,2009-01-03T22:57:00Z,18.0000,125.3900,228,18.974,011111,13098775
ONDB,2009-01-03T22:57:00Z,18.0000,125.3900,229,18.935,011111,13098775
ONDB,2009-01-03T22:57:00Z,18.0000,125.3900,230,18.887,011111,13098775
ONDB,2009-01-03T22:57:00Z,18.0000,125.3900,231,18.8715,011111,13098775
ONDB,2009-01-03T22:57:00Z,18.0000,125.3900,232,18.856,011111,13098775
ONDB,2009-01-03T22:57:00Z,18.0000,125.3900,233,18.8365,011111,13098775
ONDB,2009-01-03T22:57:00Z,18.0000,125.3900,234,18.843,011111,13098775
ONDB,2009-01-03T22:57:00Z,18.0000,125.3900,235,18.8265,011111,13098775
ONDB,2009-01-03T22:57:00Z,18.0000,125.3900,236,18.813,011111,13098775
ONDB,2009-01-03T22:57:00Z,18.0000,125.3900,237,18.8195,011111,13098775
ONDB,2009-01-03T22:57:00Z,18.0000,125.3900,238,18.803,011111,13098775
ONDB,2009-01-03T22:57:00Z,18.0000,125.3900,239,18.755,011111,13098775
ONDB,2009-01-03T22:57:00Z,18.0000,125.3900,240,18.72,011111,13098775
ONDB,2009-01-03T22:57:00Z,18.0000,125.3900,241,18.619,011111,13098775
ONDB,2009-01-03T22:57:00Z,18.0000,125.3900,242,18.45,011111,13098775
ONDB,2009-01-03T22:57:00Z,18.0000,125.3900,243,18.342,011111,13098775
ONDB,2009-01-03T22:57:00Z,18.0000,125.3900,244,18.2895,011111,13098775
ONDB,2009-01-03T22:57:00Z,18.0000,125.3900,245,18.257,011111,13098775
ONDB,2009-01-03T22:57:00Z,18.0000,125.3900,246,18.188,011111,13098775
ONDB,2009-01-03T22:57:00Z,18.0000,125.3900,247,18.109,011111,13098775
ONDB,2009-01-03T22:57:00Z,18.0000,125.3900,248,18.0545,011111,13098775
ONDB,2009-01-03T22:57:00Z,18.0000,125.3900,249,18,011111,13098775
ONDB,2009-01-03T22:57:00Z,18.0000,125.3900,250,17.9615,011111,13098775
ONDB,2009-01-03T22:57:00Z,18.0000,125.3900,251,17.949,011111,13098775
ONDB,2009-01-03T22:57:00Z,18.0000,125.3900,252,17.896,011111,13098775
ONDB,2009-01-03T22:57:00Z,18.0000,125.3900,253,17.866,011111,13098775
ONDB,2009-01-03T22:57:00Z,18.0000,125.3900,254,17.847,011111,13098775
ONDB,2009-01-03T22:57:00Z,18.0000,125.3900,255,17.834,011111,13098775
ONDB,2009-01-03T22:57:00Z,18.0000,125.3900,256,17.82,011111,13098775
ONDB,2009-01-03T22:57:00Z,18.0000,125.3900,257,17.809,011111,13098775
ONDB,2009-01-03T22:57:00Z,18.0000,125.3900,258,17.779,011111,13098775
ONDB,2009-01-03T22:57:00Z,18.0000,125.3900,259,17.7405,011111,13098775
ONDB,2009-01-03T22:57:00Z,18.0000,125.3900,260,17.68,011111,13098775
ONDB,2009-01-03T22:57:00Z,18.0000,125.3900,261,17.6545,011111,13098775
ONDB,2009-01-03T22:57:00Z,18.0000,125.3900,262,17.617,011111,13098775
ONDB,2009-01-03T22:57:00Z,18.0000,125.3900,263,17.61,011111,13098775
ONDB,2009-01-03T22:57:00Z,18.0000,125.3900,264,17.601,011111,13098775
ONDB,2009-01-03T22:57:00Z,18.0000,125.3900,265,17.5855,011111,13098775
ONDB,2009-01-03T22:57:00Z,18.0000,125.3900,266,17.52,011111,13098775
ONDB,2009-01-03T22:57:00Z,18.0000,125.3900,267,17.4635,011111,13098775
ONDB,2009-01-03T22:57:00Z,18.0000,125.3900,268,17.433,011111,13098775
ONDB,2009-01-03T22:57:00Z,18.0000,125.3900,269,17.416,011111,13098775
ONDB,2009-01-03T22:57:00Z,18.0000,125.3900,270,17.38,011111,13098775
ONDB,2009-01-03T22:57:00Z,18.0000,125.3900,271,17.3505,011111,13098775
ONDB,2009-01-03T22:57:00Z,18.0000,125.3900,272,17.346,011111,13098775
ONDB,2009-01-03T22:57:00Z,18.0000,125.3900,273,17.327,011111,13098775
ONDB,2009-01-03T22:57:00Z,18.0000,125.3900,274,17.2915,011111,13098775
ONDB,2009-01-03T22:57:00Z,18.0000,125.3900,275,17.263,011111,13098775
ONDB,2009-01-03T22:57:00Z,18.0000,125.3900,276,17.266,011111,13098775
ONDB,2009-01-03T22:57:00Z,18.0000,125.3900,277,17.244,011111,13098775
ONDB,2009-01-03T22:57:00Z,18.0000,125.3900,278,17.232,011111,13098775
ONDB,2009-01-03T22:57:00Z,18.0000,125.3900,279,17.232,011111,13098775
ONDB,2009-01-03T22:57:00Z,18.0000,125.3900,280,17.2085,011111,13098775
ONDB,2009-01-03T22:57:00Z,18.0000,125.3900,281,17.213,011111,13098775
ONDB,2009-01-03T22:57:00Z,18.0000,125.3900,282,17.172,011111,13098775
ONDB,2009-01-03T22:57:00Z,18.0000,125.3900,283,17.118,011111,13098775
ONDB,2009-01-03T22:57:00Z,18.0000,125.3900,284,17.0375,011111,13098775
ONDB,2009-01-03T22:57:00Z,18.0000,125.3900,285,16.987,011111,13098775
ONDB,2009-01-03T22:57:00Z,18.0000,125.3900,286,16.948,011111,13098775
ONDB,2009-01-03T22:57:00Z,18.0000,125.3900,287,16.912,011111,13098775
ONDB,2009-01-03T22:57:00Z,18.0000,125.3900,288,16.848,011111,13098775
ONDB,2009-01-03T22:57:00Z,18.0000,125.3900,289,16.776,011111,13098775
ONDB,2009-01-03T22:57:00Z,18.0000,125.3900,290,16.719,011111,13098775
ONDB,2009-01-03T22:57:00Z,18.0000,125.3900,291,16.661,011111,13098775
ONDB,2009-01-03T22:57:00Z,18.0000,125.3900,292,16.642,011111,13098775
ONDB,2009-01-03T22:57:00Z,18.0000,125.3900,293,16.612,011111,13098775
ONDB,2009-01-03T22:57:00Z,18.0000,125.3900,294,16.579,011111,13098775
ONDB,2009-01-03T22:57:00Z,18.0000,125.3900,295,16.545,011111,13098775
ONDB,2009-01-03T22:57:00Z,18.0000,125.3900,296,16.529,011111,13098775
ONDB,2009-01-03T22:57:00Z,18.0000,125.3900,297,16.514,011111,13098775
ONDB,2009-01-03T22:57:00Z,18.0000,125.3900,298,16.4885,011111,13098775
ONDB,2009-01-03T22:57:00Z,18.0000,125.3900,299,16.481,011111,13098775
ONDB,2009-01-03T22:57:00Z,18.0000,125.3900,300,16.461,011111,13098775
ONDB,2009-01-03T22:57:00Z,18.0000,125.3900,301,16.399,011111,13098775
ONDB,2009-01-03T22:57:00Z,18.0000,125.3900,302,16.3505,011111,13098775
ONDB,2009-01-03T22:57:00Z,18.0000,125.3900,303,16.334,011111,13098775
ONDB,2009-01-03T22:57:00Z,18.0000,125.3900,304,16.265,011111,13098775
ONDB,2009-01-03T22:57:00Z,18.0000,125.3900,305,16.217,011111,13098775
ONDB,2009-01-03T22:57:00Z,18.0000,125.3900,306,16.159,011111,13098775
ONDB,2009-01-03T22:57:00Z,18.0000,125.3900,307,16.098,011111,13098775
ONDB,2009-01-03T22:57:00Z,18.0000,125.3900,308,16.085,011111,13098775
ONDB,2009-01-03T22:57:00Z,18.0000,125.3900,309,16.069,011111,13098775
ONDB,2009-01-03T22:57:00Z,18.0000,125.3900,310,16.0505,011111,13098775
ONDB,2009-01-03T22:57:00Z,18.0000,125.3900,311,16.0285,011111,13098775
ONDB,2009-01-03T22:57:00Z,18.0000,125.3900,312,16.006,011111,13098775
ONDB,2009-01-03T22:57:00Z,18.0000,125.3900,313,15.9885,011111,13098775
ONDB,2009-01-03T22:57:00Z,18.0000,125.3900,314,15.98,011111,13098775
ONDB,2009-01-03T22:57:00Z,18.0000,125.3900,315,15.971,011111,13098775
ONDB,2009-01-03T22:57:00Z,18.0000,125.3900,316,15.882,011111,13098775
ONDB,2009-01-03T22:57:00Z,18.0000,125.3900,317,15.826,011111,13098775
ONDB,2009-01-03T22:57:00Z,18.0000,125.3900,318,15.748,011111,13098775
ONDB,2009-01-03T22:57:00Z,18.0000,125.3900,319,15.7305,011111,13098775
ONDB,2009-01-03T22:57:00Z,18.0000,125.3900,320,15.722,011111,13098775
ONDB,2009-01-03T22:57:00Z,18.0000,125.3900,321,15.6995,011111,13098775
ONDB,2009-01-03T22:57:00Z,18.0000,125.3900,322,15.6895,011111,13098775
ONDB,2009-01-03T22:57:00Z,18.0000,125.3900,323,15.677,011111,13098775
ONDB,2009-01-03T22:57:00Z,18.0000,125.3900,324,15.615,011111,13098775
ONDB,2009-01-03T22:57:00Z,18.0000,125.3900,325,15.499,011111,13098775
ONDB,2009-01-03T22:57:00Z,18.0000,125.3900,326,15.393,011111,13098775
ONDB,2009-01-03T22:57:00Z,18.0000,125.3900,327,15.301,011111,13098775
ONDB,2009-01-03T22:57:00Z,18.0000,125.3900,328,15.233,011111,13098775
ONDB,2009-01-03T22:57:00Z,18.0000,125.3900,329,15.187,011111,13098775
ONDB,2009-01-03T22:57:00Z,18.0000,125.3900,330,15.1515,011111,13098775
ONDB,2009-01-03T22:57:00Z,18.0000,125.3900,331,15.08,011111,13098775
ONDB,2009-01-03T22:57:00Z,18.0000,125.3900,332,15.0155,011111,13098775
ONDB,2009-01-03T22:57:00Z,18.0000,125.3900,333,14.9555,011111,13098775
ONDB,2009-01-03T22:57:00Z,18.0000,125.3900,334,14.924,011111,13098775
ONDB,2009-01-03T22:57:00Z,18.0000,125.3900,335,14.8805,011111,13098775
ONDB,2009-01-03T22:57:00Z,18.0000,125.3900,336,14.807,011111,13098775
ONDB,2009-01-03T22:57:00Z,18.0000,125.3900,337,14.783,011111,13098775
ONDB,2009-01-03T22:57:00Z,18.0000,125.3900,338,14.726,011111,13098775
ONDB,2009-01-03T22:57:00Z,18.0000,125.3900,339,14.64,011111,13098775
ONDB,2009-01-03T22:57:00Z,18.0000,125.3900,340,14.6,011111,13098775
ONDB,2009-01-03T22:57:00Z,18.0000,125.3900,341,14.55,011111,13098775
ONDB,2009-01-03T22:57:00Z,18.0000,125.3900,342,14.529,011111,13098775
ONDB,2009-01-03T22:57:00Z,18.0000,125.3900,343,14.506,011111,13098775
ONDB,2009-01-03T22:57:00Z,18.0000,125.3900,344,14.48,011111,13098775
ONDB,2009-01-03T22:57:00Z,18.0000,125.3900,345,14.461,011111,13098775
ONDB,2009-01-03T22:57:00Z,18.0000,125.3900,346,14.485,011111,13098775
ONDB,2009-01-03T22:57:00Z,18.0000,125.3900,347,14.48,011111,13098775
ONDB,2009-01-03T22:57:00Z,18.0000,125.3900,348,14.477,011111,13098775
ONDB,2009-01-03T22:57:00Z,18.0000,125.3900,349,14.477,011111,13098775
ONDB,2009-01-03T22:57:00Z,18.0000,125.3900,350,14.4535,011111,13098775
ONDB,2009-01-03T22:57:00Z,18.0000,125.3900,351,14.432,011111,13098775
ONDB,2009-01-03T22:57:00Z,18.0000,125.3900,352,14.396,011111,13098775
ONDB,2009-01-03T22:57:00Z,18.0000,125.3900,353,14.2775,011111,13098775
ONDB,2009-01-03T22:57:00Z,18.0000,125.3900,354,14.244,011111,13098775
ONDB,2009-01-03T22:57:00Z,18.0000,125.3900,355,14.192,011111,13098775
ONDB,2009-01-03T22:57:00Z,18.0000,125.3900,356,14.02,011111,13098775
ONDB,2009-01-03T22:57:00Z,18.0000,125.3900,357,13.9435,011111,13098775
ONDB,2009-01-03T22:57:00Z,18.0000,125.3900,358,13.896,011111,13098775
ONDB,2009-01-03T22:57:00Z,18.0000,125.3900,359,13.8465,011111,13098775
ONDB,2009-01-03T22:57:00Z,18.0000,125.3900,360,13.816,011111,13098775
ONDB,2009-01-03T22:57:00Z,18.0000,125.3900,361,13.758,011111,13098775
ONDB,2009-01-03T22:57:00Z,18.0000,125.3900,362,13.6675,011111,13098775
ONDB,2009-01-03T22:57:00Z,18.0000,125.3900,363,13.616,011111,13098775
ONDB,2009-01-03T22:57:00Z,18.0000,125.3900,364,13.5375,011111,13098775
ONDB,2009-01-03T22:57:00Z,18.0000,125.3900,365,13.51,011111,13098775
ONDB,2009-01-03T22:57:00Z,18.0000,125.3900,366,13.476,011111,13098775
ONDB,2009-01-03T22:57:00Z,18.0000,125.3900,367,13.454,011111,13098775
ONDB,2009-01-03T22:57:00Z,18.0000,125.3900,368,13.433,011111,13098775
ONDB,2009-01-03T22:57:00Z,18.0000,125.3900,369,13.429,011111,13098775
ONDB,2009-01-03T22:57:00Z,18.0000,125.3900,370,13.4245,011111,13098775
ONDB,2009-01-03T22:57:00Z,18.0000,125.3900,371,13.399,011111,13098775
ONDB,2009-01-03T22:57:00Z,18.0000,125.3900,372,13.3805,011111,13098775
ONDB,2009-01-03T22:57:00Z,18.0000,125.3900,373,13.356,011111,13098775
ONDB,2009-01-03T22:57:00Z,18.0000,125.3900,374,13.346,011111,13098775
ONDB,2009-01-03T22:57:00Z,18.0000,125.3900,375,13.295,011111,13098775
ONDB,2009-01-03T22:57:00Z,18.0000,125.3900,376,13.249,011111,13098775
ONDB,2009-01-03T22:57:00Z,18.0000,125.3900,377,13.183,011111,13098775
ONDB,2009-01-03T22:57:00Z,18.0000,125.3900,378,13.14,011111,13098775
ONDB,2009-01-03T22:57:00Z,18.0000,125.3900,379,13.1185,011111,13098775
ONDB,2009-01-03T22:57:00Z,18.0000,125.3900,380,13.001,011111,13098775
ONDB,2009-01-03T22:57:00Z,18.0000,125.3900,381,12.9555,011111,13098775
ONDB,2009-01-03T22:57:00Z,18.0000,125.3900,382,12.9365,011111,13098775
ONDB,2009-01-03T22:57:00Z,18.0000,125.3900,383,12.92,011111,13098775
ONDB,2009-01-03T22:57:00Z,18.0000,125.3900,384,12.899,011111,13098775
ONDB,2009-01-03T22:57:00Z,18.0000,125.3900,385,12.908,011111,13098775
ONDB,2009-01-03T22:57:00Z,18.0000,125.3900,386,12.8845,011111,13098775
ONDB,2009-01-03T22:57:00Z,18.0000,125.3900,387,12.888,011111,13098775
ONDB,2009-01-03T22:57:00Z,18.0000,125.3900,388,12.864,011111,13098775
ONDB,2009-01-03T22:57:00Z,18.0000,125.3900,389,12.786,011111,13098775
ONDB,2009-01-03T22:57:00Z,18.0000,125.3900,390,12.719,011111,13098775
ONDB,2009-01-03T22:57:00Z,18.0000,125.3900,391,12.636,011111,13098775
ONDB,2009-01-03T22:57:00Z,18.0000,125.3900,392,12.59,011111,13098775
ONDB,2009-01-03T22:57:00Z,18.0000,125.3900,393,12.56,011111,13098775
ONDB,2009-01-03T22:57:00Z,18.0000,125.3900,394,12.499,011111,13098775
ONDB,2009-01-03T22:57:00Z,18.0000,125.3900,395,12.4665,011111,13098775
ONDB,2009-01-03T22:57:00Z,18.0000,125.3900,396,12.391,011111,13098775
ONDB,2009-01-03T22:57:00Z,18.0000,125.3900,397,12.343,011111,13098775
ONDB,2009-01-03T22:57:00Z,18.0000,125.3900,398,12.3035,011111,13098775
ONDB,2009-01-03T22:57:00Z,18.0000,125.3900,399,12.228,011111,13098775
ONDB,2009-01-03T22:57:00Z,18.0000,125.3900,400,12.197,011111,13098775
ONDB,2009-01-03T22:57:00Z,18.0000,125.3900,401,12.192,011111,13098775
ONDB,2009-01-03T22:57:00Z,18.0000,125.3900,402,12.183,011111,13098775
ONDB,2009-01-03T22:57:00Z,18.0000,125.3900,403,12.176,011111,13098775
ONDB,2009-01-03T22:57:00Z,18.0000,125.3900,404,12.144,011111,13098775
ONDB,2009-01-03T22:57:00Z,18.0000,125.3900,405,12.066,011111,13098775
ONDB,2009-01-03T22:57:00Z,18.0000,125.3900,406,12.0175,011111,13098775
ONDB,2009-01-03T22:57:00Z,18.0000,125.3900,407,11.936,011111,13098775
ONDB,2009-01-03T22:57:00Z,18.0000,125.3900,408,11.898,011111,13098775
ONDB,2009-01-03T22:57:00Z,18.0000,125.3900,409,11.8945,011111,13098775
ONDB,2009-01-03T22:57:00Z,18.0000,125.3900,410,11.902,011111,13098775
ONDB,2009-01-03T22:57:00Z,18.0000,125.3900,411,11.892,011111,13098775
ONDB,2009-01-03T22:57:00Z,18.0000,125.3900,412,11.893,011111,13098775
ONDB,2009-01-03T22:57:00Z,18.0000,125.3900,413,11.8655,011111,13098775
ONDB,2009-01-03T22:57:00Z,18.0000,125.3900,414,11.893,011111,13098775
ONDB,2009-01-03T22:57:00Z,18.0000,125.3900,415,11.869,011111,13098775
ONDB,2009-01-03T22:57:00Z,18.0000,125.3900,416,11.841,011111,13098775
ONDB,2009-01-03T22:57:00Z,18.0000,125.3900,417,11.817,011111,13098775
ONDB,2009-01-03T22:57:00Z,18.0000,125.3900,418,11.7825,011111,13098775
ONDB,2009-01-03T22:57:00Z,18.0000,125.3900,419,11.688,011111,13098775
ONDB,2009-01-03T22:57:00Z,18.0000,125.3900,420,11.625,011111,13098775
ONDB,2009-01-03T22:57:00Z,18.0000,125.3900,421,11.555,011111,13098775
ONDB,2009-01-03T22:57:00Z,18.0000,125.3900,422,11.5215,011111,13098775
ONDB,2009-01-03T22:57:00Z,18.0000,125.3900,423,11.501,011111,13098775
ONDB,2009-01-03T22:57:00Z,18.0000,125.3900,424,11.483,011111,13098775
ONDB,2009-01-03T22:57:00Z,18.0000,125.3900,425,11.467,011111,13098775
ONDB,2009-01-03T22:57:00Z,18.0000,125.3900,426,11.446,011111,13098775
ONDB,2009-01-03T22:57:00Z,18.0000,125.3900,427,11.4485,011111,13098775
ONDB,2009-01-03T22:57:00Z,18.0000,125.3900,428,11.433,011111,13098775
ONDB,2009-01-03T22:57:00Z,18.0000,125.3900,429,11.4125,011111,13098775
ONDB,2009-01-03T22:57:00Z,18.0000,125.3900,430,11.392,011111,13098775
ONDB,2009-01-03T22:57:00Z,18.0000,125.3900,431,11.3655,011111,13098775
ONDB,2009-01-03T22:57:00Z,18.0000,125.3900,432,11.3055,011111,13098775
ONDB,2009-01-03T22:57:00Z,18.0000,125.3900,433,11.273,011111,13098775
ONDB,2009-01-03T22:57:00Z,18.0000,125.3900,434,11.2205,011111,13098775
ONDB,2009-01-03T22:57:00Z,18.0000,125.3900,435,11.157,011111,13098775
ONDB,2009-01-03T22:57:00Z,18.0000,125.3900,436,11.112,011111,13098775
ONDB,2009-01-03T22:57:00Z,18.0000,125.3900,437,11.112,011111,13098775
ONDB,2009-01-03T22:57:00Z,18.0000,125.3900,438,11.0145,011111,13098775
ONDB,2009-01-03T22:57:00Z,18.0000,125.3900,439,10.979,011111,13098775
ONDB,2009-01-03T22:57:00Z,18.0000,125.3900,440,10.975,011111,13098775
ONDB,2009-01-03T22:57:00Z,18.0000,125.3900,441,10.966,011111,13098775
ONDB,2009-01-03T22:57:00Z,18.0000,125.3900,442,10.92,011111,13098775
ONDB,2009-01-03T22:57:00Z,18.0000,125.3900,443,10.864,011111,13098775
ONDB,2009-01-03T22:57:00Z,18.0000,125.3900,444,10.825,011111,13098775
ONDB,2009-01-03T22:57:00Z,18.0000,125.3900,445,10.8045,011111,13098775
ONDB,2009-01-03T22:57:00Z,18.0000,125.3900,446,10.7815,011111,13098775
ONDB,2009-01-03T22:57:00Z,18.0000,125.3900,447,10.701,011111,13098775
ONDB,2009-01-03T22:57:00Z,18.0000,125.3900,448,10.649,011111,13098775
ONDB,2009-01-03T22:57:00Z,18.0000,125.3900,449,10.627,011111,13098775
ONDB,2009-01-03T22:57:00Z,18.0000,125.3900,450,10.6055,011111,13098775
ONDB,2009-01-03T22:57:00Z,18.0000,125.3900,451,10.56,011111,13098775
ONDB,2009-01-03T22:57:00Z,18.0000,125.3900,452,10.5505,011111,13098775
ONDB,2009-01-03T22:57:00Z,18.0000,125.3900,453,10.534,011111,13098775
ONDB,2009-01-03T22:57:00Z,18.0000,125.3900,454,10.506,011111,13098775
ONDB,2009-01-03T22:57:00Z,18.0000,125.3900,455,10.4105,011111,13098775
ONDB,2009-01-03T22:57:00Z,18.0000,125.3900,456,10.377,011111,13098775
ONDB,2009-01-03T22:57:00Z,18.0000,125.3900,457,10.352,011111,13098775
ONDB,2009-01-03T22:57:00Z,18.0000,125.3900,458,10.324,011111,13098775
ONDB,2009-01-03T22:57:00Z,18.0000,125.3900,459,10.3305,011111,13098775
ONDB,2009-01-03T22:57:00Z,18.0000,125.3900,460,10.316,011111,13098775
ONDB,2009-01-03T22:57:00Z,18.0000,125.3900,461,10.288,011111,13098775
ONDB,2009-01-03T22:57:00Z,18.0000,125.3900,462,10.255,011111,13098775
ONDB,2009-01-03T22:57:00Z,18.0000,125.3900,463,10.254,011111,13098775
ONDB,2009-01-03T22:57:00Z,18.0000,125.3900,464,10.221,011111,13098775
ONDB,2009-01-03T22:57:00Z,18.0000,125.3900,465,10.15,011111,13098775
ONDB,2009-01-03T22:57:00Z,18.0000,125.3900,466,10.102,011111,13098775
ONDB,2009-01-03T22:57:00Z,18.0000,125.3900,467,10.058,011111,13098775
ONDB,2009-01-03T22:57:00Z,18.0000,125.3900,468,10.062,011111,13098775
ONDB,2009-01-03T22:57:00Z,18.0000,125.3900,469,10.025,011111,13098775
ONDB,2009-01-03T22:57:00Z,18.0000,125.3900,470,10.003,011111,13098775
ONDB,2009-01-03T22:57:00Z,18.0000,125.3900,471,9.941,011111,13098775
ONDB,2009-01-03T22:57:00Z,18.0000,125.3900,472,9.901,011111,13098775
ONDB,2009-01-03T22:57:00Z,18.0000,125.3900,473,9.854,011111,13098775
ONDB,2009-01-03T22:57:00Z,18.0000,125.3900,474,9.832,011111,13098775
ONDB,2009-01-03T22:57:00Z,18.0000,125.3900,475,9.821,011111,13098775
ONDB,2009-01-03T22:57:00Z,18.0000,125.3900,476,9.7865,011111,13098775
ONDB,2009-01-03T22:57:00Z,18.0000,125.3900,477,9.793,011111,13098775
ONDB,2009-01-03T22:57:00Z,18.0000,125.3900,478,9.782,011111,13098775
ONDB,2009-01-03T22:57:00Z,18.0000,125.3900,479,9.782,011111,13098775
ONDB,2009-01-03T22:57:00Z,18.0000,125.3900,480,9.778,011111,13098775
ONDB,2009-01-03T22:57:00Z,18.0000,125.3900,481,9.772,011111,13098775
ONDB,2009-01-03T22:57:00Z,18.0000,125.3900,482,9.7545,011111,13098775
ONDB,2009-01-03T22:57:00Z,18.0000,125.3900,483,9.7555,011111,13098775
ONDB,2009-01-03T22:57:00Z,18.0000,125.3900,484,9.718,011111,13098775
ONDB,2009-01-03T22:57:00Z,18.0000,125.3900,485,9.6845,011111,13098775
ONDB,2009-01-03T22:57:00Z,18.0000,125.3900,486,9.644,011111,13098775
ONDB,2009-01-03T22:57:00Z,18.0000,125.3900,487,9.6165,011111,13098775
ONDB,2009-01-03T22:57:00Z,18.0000,125.3900,488,9.579,011111,13098775
ONDB,2009-01-03T22:57:00Z,18.0000,125.3900,489,9.5355,011111,13098775
ONDB,2009-01-03T22:57:00Z,18.0000,125.3900,490,9.536,011111,13098775
ONDB,2009-01-03T22:57:00Z,18.0000,125.3900,491,9.511,011111,13098775
ONDB,2009-01-03T22:57:00Z,18.0000,125.3900,492,9.5,011111,13098775
ONDB,2009-01-03T22:57:00Z,18.0000,125.3900,493,9.483,011111,13098775
ONDB,2009-01-03T22:57:00Z,18.0000,125.3900,494,9.4655,011111,13098775
ONDB,2009-01-03T22:57:00Z,18.0000,125.3900,495,9.434,011111,13098775
ONDB,2009-01-03T22:57:00Z,18.0000,125.3900,496,9.429,011111,13098775
ONDB,2009-01-03T22:57:00Z,18.0000,125.3900,497,9.428,011111,13098775
ONDB,2009-01-03T22:57:00Z,18.0000,125.3900,498,9.42,011111,13098775
ONDB,2009-01-03T22:57:00Z,18.0000,125.3900,499,9.3875,011111,13098775
ONDB,2009-01-03T22:57:00Z,18.0000,125.3900,500,9.298,011111,13098775
ONDB,2009-01-03T22:57:00Z,18.0000,125.3900,501,9.256,011111,13098775
ONDB,2009-01-03T22:57:00Z,18.0000,125.3900,502,9.208,011111,13098775
ONDB,2009-01-03T22:57:00Z,18.0000,125.3900,503,9.186,011111,13098775
ONDB,2009-01-03T22:57:00Z,18.0000,125.3900,504,9.159,011111,13098775
ONDB,2009-01-03T22:57:00Z,18.0000,125.3900,505,9.12,011111,13098775
ONDB,2009-01-03T22:57:00Z,18.0000,125.3900,506,9.095,011111,13098775
ONDB,2009-01-03T22:57:00Z,18.0000,125.3900,507,9.074,011111,13098775
ONDB,2009-01-03T22:57:00Z,18.0000,125.3900,508,9.05,011111,13098775
ONDB,2009-01-03T22:57:00Z,18.0000,125.3900,509,9.015,011111,13098775
ONDB,2009-01-03T22:57:00Z,18.0000,125.3900,510,9.004,011111,13098775
ONDB,2009-01-03T22:57:00Z,18.0000,125.3900,511,8.96,011111,13098775
ONDB,2009-01-03T22:57:00Z,18.0000,125.3900,512,8.927,011111,13098775
ONDB,2009-01-03T22:57:00Z,18.0000,125.3900,513,8.8825,011111,13098775
ONDB,2009-01-03T22:57:00Z,18.0000,125.3900,514,8.809,011111,13098775
ONDB,2009-01-03T22:57:00Z,18.0000,125.3900,515,8.759,011111,13098775
ONDB,2009-01-03T22:57:00Z,18.0000,125.3900,516,8.722,011111,13098775
ONDB,2009-01-03T22:57:00Z,18.0000,125.3900,517,8.721,011111,13098775
ONDB,2009-01-03T22:57:00Z,18.0000,125.3900,518,8.7,011111,13098775
ONDB,2009-01-03T22:57:00Z,18.0000,125.3900,519,8.694,011111,13098775
ONDB,2009-01-03T22:57:00Z,18.0000,125.3900,520,8.674,011111,13098775
ONDB,2009-01-03T22:57:00Z,18.0000,125.3900,521,8.664,011111,13098775
ONDB,2009-01-03T22:57:00Z,18.0000,125.3900,522,8.647,011111,13098775
ONDB,2009-01-03T22:57:00Z,18.0000,125.3900,523,8.6345,011111,13098775
ONDB,2009-01-03T22:57:00Z,18.0000,125.3900,524,8.612,011111,13098775
ONDB,2009-01-03T22:57:00Z,18.0000,125.3900,525,8.577,011111,13098775
ONDB,2009-01-03T22:57:00Z,18.0000,125.3900,526,8.565,011111,13098775
ONDB,2009-01-03T22:57:00Z,18.0000,125.3900,527,8.5485,011111,13098775
ONDB,2009-01-03T22:57:00Z,18.0000,125.3900,528,8.5095,011111,13098775
ONDB,2009-01-03T22:57:00Z,18.0000,125.3900,529,8.442,011111,13098775
ONDB,2009-01-03T22:57:00Z,18.0000,125.3900,530,8.4015,011111,13098775
ONDB,2009-01-03T22:57:00Z,18.0000,125.3900,531,8.374,011111,13098775
ONDB,2009-01-03T22:57:00Z,18.0000,125.3900,532,8.34,011111,13098775
ONDB,2009-01-03T22:57:00Z,18.0000,125.3900,533,8.336,011111,13098775
ONDB,2009-01-03T22:57:00Z,18.0000,125.3900,534,8.3295,011111,13098775
ONDB,2009-01-03T22:57:00Z,18.0000,125.3900,535,8.335,011111,13098775
ONDB,2009-01-03T22:57:00Z,18.0000,125.3900,536,8.309,011111,13098775
ONDB,2009-01-03T22:57:00Z,18.0000,125.3900,537,8.2535,011111,13098775
ONDB,2009-01-03T22:57:00Z,18.0000,125.3900,538,8.218,011111,13098775
ONDB,2009-01-03T22:57:00Z,18.0000,125.3900,539,8.2075,011111,13098775
ONDB,2009-01-03T22:57:00Z,18.0000,125.3900,540,8.1845,011111,13098775
ONDB,2009-01-03T22:57:00Z,18.0000,125.3900,541,8.153,011111,13098775
ONDB,2009-01-03T22:57:00Z,18.0000,125.3900,542,8.115,011111,13098775
ONDB,2009-01-03T22:57:00Z,18.0000,125.3900,543,8.08,011111,13098775
ONDB,2009-01-03T22:57:00Z,18.0000,125.3900,544,8.047,011111,13098775
ONDB,2009-01-03T22:57:00Z,18.0000,125.3900,545,8.025,011111,13098775
ONDB,2009-01-03T22:57:00Z,18.0000,125.3900,546,8.0005,011111,13098775
ONDB,2009-01-03T22:57:00Z,18.0000,125.3900,547,8.0215,011111,13098775
ONDB,2009-01-03T22:57:00Z,18.0000,125.3900,548,7.974,011111,13098775
ONDB,2009-01-03T22:57:00Z,18.0000,125.3900,549,7.983,011111,13098775
ONDB,2009-01-03T22:57:00Z,18.0000,125.3900,550,7.959,011111,13098775
ONDB,2009-01-03T22:57:00Z,18.0000,125.3900,551,7.9305,011111,13098775
ONDB,2009-01-03T22:57:00Z,18.0000,125.3900,552,7.909,011111,13098775
ONDB,2009-01-03T22:57:00Z,18.0000,125.3900,553,7.894,011111,13098775
ONDB,2009-01-03T22:57:00Z,18.0000,125.3900,554,7.8885,011111,13098775
ONDB,2009-01-03T22:57:00Z,18.0000,125.3900,555,7.887,011111,13098775
ONDB,2009-01-03T22:57:00Z,18.0000,125.3900,556,7.8765,011111,13098775
ONDB,2009-01-03T22:57:00Z,18.0000,125.3900,557,7.825,011111,13098775
ONDB,2009-01-03T22:57:00Z,18.0000,125.3900,558,7.777,011111,13098775
ONDB,2009-01-03T22:57:00Z,18.0000,125.3900,559,7.7035,011111,13098775
ONDB,2009-01-03T22:57:00Z,18.0000,125.3900,560,7.671,011111,13098775
ONDB,2009-01-03T22:57:00Z,18.0000,125.3900,561,7.643,011111,13098775
ONDB,2009-01-03T22:57:00Z,18.0000,125.3900,562,7.633,011111,13098775
ONDB,2009-01-03T22:57:00Z,18.0000,125.3900,563,7.5355,011111,13098775
ONDB,2009-01-03T22:57:00Z,18.0000,125.3900,564,7.473,011111,13098775
ONDB,2009-01-03T22:57:00Z,18.0000,125.3900,565,7.442,011111,13098775
ONDB,2009-01-03T22:57:00Z,18.0000,125.3900,566,7.4185,011111,13098775
ONDB,2009-01-03T22:57:00Z,18.0000,125.3900,567,7.391,011111,13098775
ONDB,2009-01-03T22:57:00Z,18.0000,125.3900,568,7.3715,011111,13098775
ONDB,2009-01-03T22:57:00Z,18.0000,125.3900,569,7.364,011111,13098775
ONDB,2009-01-03T22:57:00Z,18.0000,125.3900,570,7.3695,011111,13098775
ONDB,2009-01-03T22:57:00Z,18.0000,125.3900,571,7.3515,011111,13098775
ONDB,2009-01-03T22:57:00Z,18.0000,125.3900,572,7.344,011111,13098775
ONDB,2009-01-03T22:57:00Z,18.0000,125.3900,573,7.3325,011111,13098775
ONDB,2009-01-03T22:57:00Z,18.0000,125.3900,574,7.333,011111,13098775
ONDB,2009-01-03T22:57:00Z,18.0000,125.3900,575,7.326,011111,13098775
ONDB,2009-01-03T22:57:00Z,18.0000,125.3900,576,7.2925,011111,13098775
ONDB,2009-01-03T22:57:00Z,18.0000,125.3900,577,7.272,011111,13098775
ONDB,2009-01-03T22:57:00Z,18.0000,125.3900,578,7.2445,011111,13098775
ONDB,2009-01-03T22:57:00Z,18.0000,125.3900,579,7.234,011111,13098775
ONDB,2009-01-03T22:57:00Z,18.0000,125.3900,580,7.1875,011111,13098775
ONDB,2009-01-03T22:57:00Z,18.0000,125.3900,581,7.1815,011111,13098775
ONDB,2009-01-03T22:57:00Z,18.0000,125.3900,582,7.153,011111,13098775
ONDB,2009-01-03T22:57:00Z,18.0000,125.3900,583,7.148,011111,13098775
ONDB,2009-01-03T22:57:00Z,18.0000,125.3900,584,7.132,011111,13098775
ONDB,2009-01-03T22:57:00Z,18.0000,125.3900,585,7.1065,011111,13098775
ONDB,2009-01-03T22:57:00Z,18.0000,125.3900,586,7.1075,011111,13098775
ONDB,2009-01-03T22:57:00Z,18.0000,125.3900,587,7.092,011111,13098775
ONDB,2009-01-03T22:57:00Z,18.0000,125.3900,588,7.055,011111,13098775
ONDB,2009-01-03T22:57:00Z,18.0000,125.3900,589,7.037,011111,13098775
ONDB,2009-01-03T22:57:00Z,18.0000,125.3900,590,7.012,011111,13098775
ONDB,2009-01-03T22:57:00Z,18.0000,125.3900,591,6.985,011111,13098775
ONDB,2009-01-03T22:57:00Z,18.0000,125.3900,592,6.9455,011111,13098775
ONDB,2009-01-03T22:57:00Z,18.0000,125.3900,593,6.92,011111,13098775
ONDB,2009-01-03T22:57:00Z,18.0000,125.3900,594,6.897,011111,13098775
ONDB,2009-01-03T22:57:00Z,18.0000,125.3900,595,6.908,011111,13098775
ONDB,2009-01-03T22:57:00Z,18.0000,125.3900,596,6.907,011111,13098775
ONDB,2009-01-03T22:57:00Z,18.0000,125.3900,597,6.8915,011111,13098775
ONDB,2009-01-03T22:57:00Z,18.0000,125.3900,598,6.875,011111,13098775
ONDB,2009-01-03T22:57:00Z,18.0000,125.3900,599,6.854,011111,13098775
ONDB,2009-01-03T22:57:00Z,18.0000,125.3900,600,6.8615,011111,13098775
ONDB,2009-01-03T22:57:00Z,18.0000,125.3900,601,6.81,011111,13098775
ONDB,2009-01-03T22:57:00Z,18.0000,125.3900,602,6.7625,011111,13098775
ONDB,2009-01-03T22:57:00Z,18.0000,125.3900,603,6.7225,011111,13098775
ONDB,2009-01-03T22:57:00Z,18.0000,125.3900,604,6.737,011111,13098775
ONDB,2009-01-03T22:57:00Z,18.0000,125.3900,605,6.704,011111,13098775
ONDB,2009-01-03T22:57:00Z,18.0000,125.3900,606,6.703,011111,13098775
ONDB,2009-01-03T22:57:00Z,18.0000,125.3900,607,6.705,011111,13098775
ONDB,2009-01-03T22:57:00Z,18.0000,125.3900,608,6.7065,011111,13098775
ONDB,2009-01-03T22:57:00Z,18.0000,125.3900,609,6.689,011111,13098775
ONDB,2009-01-03T22:57:00Z,18.0000,125.3900,610,6.658,011111,13098775
ONDB,2009-01-03T22:57:00Z,18.0000,125.3900,611,6.623,011111,13098775
ONDB,2009-01-03T22:57:00Z,18.0000,125.3900,612,6.6315,011111,13098775
ONDB,2009-01-03T22:57:00Z,18.0000,125.3900,613,6.6145,011111,13098775
ONDB,2009-01-03T22:57:00Z,18.0000,125.3900,614,6.618,011111,13098775
ONDB,2009-01-03T22:57:00Z,18.0000,125.3900,615,6.6085,011111,13098775
ONDB,2009-01-03T22:57:00Z,18.0000,125.3900,616,6.592,011111,13098775
ONDB,2009-01-03T22:57:00Z,18.0000,125.3900,617,6.558,011111,13098775
ONDB,2009-01-03T22:57:00Z,18.0000,125.3900,618,6.565,011111,13098775
ONDB,2009-01-03T22:57:00Z,18.0000,125.3900,619,6.566,011111,13098775
ONDB,2009-01-03T22:57:00Z,18.0000,125.3900,620,6.551,011111,13098775
ONDB,2009-01-03T22:57:00Z,18.0000,125.3900,621,6.535,011111,13098775
ONDB,2009-01-03T22:57:00Z,18.0000,125.3900,622,6.5045,011111,13098775
ONDB,2009-01-03T22:57:00Z,18.0000,125.3900,623,6.488,011111,13098775
ONDB,2009-01-03T22:57:00Z,18.0000,125.3900,624,6.484,011111,13098775
ONDB,2009-01-03T22:57:00Z,18.0000,125.3900,625,6.454,011111,13098775
ONDB,2009-01-03T22:57:00Z,18.0000,125.3900,626,6.433,011111,13098775
ONDB,2009-01-03T22:57:00Z,18.0000,125.3900,627,6.445,011111,13098775
ONDB,2009-01-03T22:57:00Z,18.0000,125.3900,628,6.4085,011111,13098775
ONDB,2009-01-03T22:57:00Z,18.0000,125.3900,629,6.376,011111,13098775
ONDB,2009-01-03T22:57:00Z,18.0000,125.3900,630,6.3445,011111,13098775
ONDB,2009-01-03T22:57:00Z,18.0000,125.3900,631,6.311,011111,13098775
ONDB,2009-01-03T22:57:00Z,18.0000,125.3900,632,6.2755,011111,13098775
ONDB,2009-01-03T22:57:00Z,18.0000,125.3900,633,6.2285,011111,13098775
ONDB,2009-01-03T22:57:00Z,18.0000,125.3900,634,6.214,011111,13098775
ONDB,2009-01-03T22:57:00Z,18.0000,125.3900,635,6.1805,011111,13098775
ONDB,2009-01-03T22:57:00Z,18.0000,125.3900,636,6.188,011111,13098775
ONDB,2009-01-03T22:57:00Z,18.0000,125.3900,637,6.155,011111,13098775
ONDB,2009-01-03T22:57:00Z,18.0000,125.3900,638,6.151,011111,13098775
ONDB,2009-01-03T22:57:00Z,18.0000,125.3900,639,6.169,011111,13098775
ONDB,2009-01-03T22:57:00Z,18.0000,125.3900,640,6.161,011111,13098775
ONDB,2009-01-03T22:57:00Z,18.0000,125.3900,641,6.157,011111,13098775
ONDB,2009-01-03T22:57:00Z,18.0000,125.3900,642,6.1555,011111,13098775
ONDB,2009-01-03T22:57:00Z,18.0000,125.3900,643,6.1475,011111,13098775
ONDB,2009-01-03T22:57:00Z,18.0000,125.3900,644,6.115,011111,13098775
ONDB,2009-01-03T22:57:00Z,18.0000,125.3900,645,6.1095,011111,13098775
ONDB,2009-01-03T22:57:00Z,18.0000,125.3900,646,6.086,011111,13098775
ONDB,2009-01-03T22:57:00Z,18.0000,125.3900,647,6.087,011111,13098775
ONDB,2009-01-03T22:57:00Z,18.0000,125.3900,648,6.0635,011111,13098775
ONDB,2009-01-03T22:57:00Z,18.0000,125.3900,649,6.053,011111,13098775
ONDB,2009-01-03T22:57:00Z,18.0000,125.3900,650,6.009,011111,13098775
ONDB,2009-01-03T22:57:00Z,18.0000,125.3900,651,6,011111,13098775
ONDB,2009-01-03T22:57:00Z,18.0000,125.3900,652,5.9815,011111,13098775
ONDB,2009-01-03T22:57:00Z,18.0000,125.3900,653,5.988,011111,13098775
ONDB,2009-01-03T22:57:00Z,18.0000,125.3900,654,6.004,011111,13098775
ONDB,2009-01-03T22:57:00Z,18.0000,125.3900,655,6.0085,011111,13098775
ONDB,2009-01-03T22:57:00Z,18.0000,125.3900,656,5.994,011111,13098775
ONDB,2009-01-03T22:57:00Z,18.0000,125.3900,657,5.999,011111,13098775
ONDB,2009-01-03T22:57:00Z,18.0000,125.3900,658,5.982,011111,13098775
ONDB,2009-01-03T22:57:00Z,18.0000,125.3900,659,5.977,011111,13098775
ONDB,2009-01-03T22:57:00Z,18.0000,125.3900,660,5.983,011111,13098775
ONDB,2009-01-03T22:57:00Z,18.0000,125.3900,661,5.938,011111,13098775
ONDB,2009-01-03T22:57:00Z,18.0000,125.3900,662,5.9515,011111,13098775
ONDB,2009-01-03T22:57:00Z,18.0000,125.3900,663,5.9435,011111,13098775
ONDB,2009-01-03T22:57:00Z,18.0000,125.3900,664,5.953,011111,13098775
ONDB,2009-01-03T22:57:00Z,18.0000,125.3900,665,5.945,011111,13098775
ONDB,2009-01-03T22:57:00Z,18.0000,125.3900,666,5.933,011111,13098775
ONDB,2009-01-03T22:57:00Z,18.0000,125.3900,667,5.924,011111,13098775
ONDB,2009-01-03T22:57:00Z,18.0000,125.3900,668,5.896,011111,13098775
ONDB,2009-01-03T22:57:00Z,18.0000,125.3900,669,5.893,011111,13098775
ONDB,2009-01-03T22:57:00Z,18.0000,125.3900,670,5.878,011111,13098775
ONDB,2009-01-03T22:57:00Z,18.0000,125.3900,671,5.861,011111,13098775
ONDB,2009-01-03T22:57:00Z,18.0000,125.3900,672,5.843,011111,13098775
ONDB,2009-01-03T22:57:00Z,18.0000,125.3900,673,5.8205,011111,13098775
ONDB,2009-01-03T22:57:00Z,18.0000,125.3900,674,5.813,011111,13098775
ONDB,2009-01-03T22:57:00Z,18.0000,125.3900,675,5.8015,011111,13098775
ONDB,2009-01-03T22:57:00Z,18.0000,125.3900,676,5.8065,011111,13098775
ONDB,2009-01-03T22:57:00Z,18.0000,125.3900,677,5.813,011111,13098775
ONDB,2009-01-03T22:57:00Z,18.0000,125.3900,678,5.7955,011111,13098775
ONDB,2009-01-03T22:57:00Z,18.0000,125.3900,679,5.8,011111,13098775
ONDB,2009-01-03T22:57:00Z,18.0000,125.3900,680,5.7975,011111,13098775
ONDB,2009-01-03T22:57:00Z,18.0000,125.3900,681,5.79,011111,13098775
ONDB,2009-01-03T22:57:00Z,18.0000,125.3900,682,5.783,011111,13098775
ONDB,2009-01-03T22:57:00Z,18.0000,125.3900,683,5.7695,011111,13098775
ONDB,2009-01-03T22:57:00Z,18.0000,125.3900,684,5.778,011111,13098775
ONDB,2009-01-03T22:57:00Z,18.0000,125.3900,685,5.778,011111,13098775
ONDB,2009-01-03T22:57:00Z,18.0000,125.3900,686,5.7805,011111,13098775
ONDB,2009-01-03T22:57:00Z,18.0000,125.3900,687,5.783,011111,13098775
ONDB,2009-01-03T22:57:00Z,18.0000,125.3900,688,5.768,011111,13098775
ONDB,2009-01-03T22:57:00Z,18.0000,125.3900,689,5.785,011111,13098775
ONDB,2009-01-03T22:57:00Z,18.0000,125.3900,690,5.784,011111,13098775
ONDB,2009-01-03T22:57:00Z,18.0000,125.3900,691,5.765,011111,13098775
ONDB,2009-01-03T22:57:00Z,18.0000,125.3900,692,5.763,011111,13098775
ONDB,2009-01-03T22:57:00Z,18.0000,125.3900,693,5.7385,011111,13098775
ONDB,2009-01-03T22:57:00Z,18.0000,125.3900,694,5.71,011111,13098775
ONDB,2009-01-03T22:57:00Z,18.0000,125.3900,695,5.703,011111,13098775
ONDB,2009-01-03T22:57:00Z,18.0000,125.3900,696,5.68,011111,13098775
ONDB,2009-01-03T22:57:00Z,18.0000,125.3900,697,5.665,011111,13098775
ONDB,2009-01-03T22:57:00Z,18.0000,125.3900,698,5.6725,011111,13098775
ONDB,2009-01-03T22:57:00Z,18.0000,125.3900,699,5.6615,011111,13098775
ONDB,2009-01-03T22:57:00Z,18.0000,125.3900,700,5.662,011111,13098775
ONDB,2009-01-03T22:57:00Z,18.0000,125.3900,701,5.653,011111,13098775
ONDB,2009-01-03T22:57:00Z,18.0000,125.3900,702,5.641,011111,13098775
ONDB,2009-01-03T22:57:00Z,18.0000,125.3900,703,5.6345,011111,13098775
ONDB,2009-01-03T22:57:00Z,18.0000,125.3900,704,5.6375,011111,13098775
ONDB,2009-01-03T22:57:00Z,18.0000,125.3900,705,5.634,011111,13098775
ONDB,2009-01-03T22:57:00Z,18.0000,125.3900,706,5.6245,011111,13098775
ONDB,2009-01-03T22:57:00Z,18.0000,125.3900,707,5.611,011111,13098775
ONDB,2009-01-03T22:57:00Z,18.0000,125.3900,708,5.584,011111,13098775
ONDB,2009-01-03T22:57:00Z,18.0000,125.3900,709,5.5665,011111,13098775
ONDB,2009-01-03T22:57:00Z,18.0000,125.3900,710,5.544,011111,13098775
ONDB,2009-01-03T22:57:00Z,18.0000,125.3900,711,5.533,011111,13098775
ONDB,2009-01-03T22:57:00Z,18.0000,125.3900,712,5.528,011111,13098775
ONDB,2009-01-03T22:57:00Z,18.0000,125.3900,713,5.549,011111,13098775
ONDB,2009-01-03T22:57:00Z,18.0000,125.3900,714,5.5325,011111,13098775
ONDB,2009-01-03T22:57:00Z,18.0000,125.3900,715,5.519,011111,13098775
ONDB,2009-01-03T22:57:00Z,18.0000,125.3900,716,5.5275,011111,13098775
ONDB,2009-01-03T22:57:00Z,18.0000,125.3900,717,5.515,011111,13098775
ONDB,2009-01-03T22:57:00Z,18.0000,125.3900,718,5.511,011111,13098775
ONDB,2009-01-03T22:57:00Z,18.0000,125.3900,719,5.497,011111,13098775
ONDB,2009-01-03T22:57:00Z,18.0000,125.3900,720,5.493,011111,13098775
ONDB,2009-01-03T22:57:00Z,18.0000,125.3900,721,5.4805,011111,13098775
ONDB,2009-01-03T22:57:00Z,18.0000,125.3900,722,5.4485,011111,13098775
ONDB,2009-01-03T22:57:00Z,18.0000,125.3900,723,5.454,011111,13098775
ONDB,2009-01-03T22:57:00Z,18.0000,125.3900,724,5.4555,011111,13098775
ONDB,2009-01-03T22:57:00Z,18.0000,125.3900,725,5.46,011111,13098775
ONDB,2009-01-03T22:57:00Z,18.0000,125.3900,726,5.4465,011111,13098775
ONDB,2009-01-03T22:57:00Z,18.0000,125.3900,727,5.448,011111,13098775
ONDB,2009-01-03T22:57:00Z,18.0000,125.3900,728,5.436,011111,13098775
ONDB,2009-01-03T22:57:00Z,18.0000,125.3900,729,5.4185,011111,13098775
ONDB,2009-01-03T22:57:00Z,18.0000,125.3900,730,5.403,011111,13098775
ONDB,2009-01-03T22:57:00Z,18.0000,125.3900,731,5.395,011111,13098775
ONDB,2009-01-03T22:57:00Z,18.0000,125.3900,732,5.3925,011111,13098775
ONDB,2009-01-03T22:57:00Z,18.0000,125.3900,733,5.389,011111,13098775
ONDB,2009-01-03T22:57:00Z,18.0000,125.3900,734,5.3745,011111,13098775
ONDB,2009-01-03T22:57:00Z,18.0000,125.3900,735,5.352,011111,13098775
ONDB,2009-01-03T22:57:00Z,18.0000,125.3900,736,5.325,011111,13098775
ONDB,2009-01-03T22:57:00Z,18.0000,125.3900,737,5.335,011111,13098775
ONDB,2009-01-03T22:57:00Z,18.0000,125.3900,738,5.3165,011111,13098775
ONDB,2009-01-03T22:57:00Z,18.0000,125.3900,739,5.312,011111,13098775
ONDB,2009-01-03T22:57:00Z,18.0000,125.3900,740,5.318,011111,13098775
ONDB,2009-01-03T22:57:00Z,18.0000,125.3900,741,5.288,011111,13098775
ONDB,2009-01-03T22:57:00Z,18.0000,125.3900,742,5.283,011111,13098775
ONDB,2009-01-03T22:57:00Z,18.0000,125.3900,743,5.271,011111,13098775
ONDB,2009-01-03T22:57:00Z,18.0000,125.3900,744,5.261,011111,13098775
ONDB,2009-01-03T22:57:00Z,18.0000,125.3900,745,5.2485,011111,13098775
ONDB,2009-01-03T22:57:00Z,18.0000,125.3900,746,5.242,011111,13098775
ONDB,2009-01-03T22:57:00Z,18.0000,125.3900,747,5.235,011111,13098775
ONDB,2009-01-03T22:57:00Z,18.0000,125.3900,748,5.229,011111,13098775
ONDB,2009-01-03T22:57:00Z,18.0000,125.3900,749,5.219,011111,13098775
ONDB,2009-01-03T22:57:00Z,18.0000,125.3900,750,5.202,011111,13098775
ONDB,2009-01-03T22:57:00Z,18.0000,125.3900,751,5.1975,011111,13098775
ONDB,2009-01-03T22:57:00Z,18.0000,125.3900,752,5.206,011111,13098775
ONDB,2009-01-03T22:57:00Z,18.0000,125.3900,753,5.197,011111,13098775
ONDB,2009-01-03T22:57:00Z,18.0000,125.3900,754,5.195,011111,13098775
ONDB,2009-01-03T22:57:00Z,18.0000,125.3900,755,5.193,011111,13098775
ONDB,2009-01-03T22:57:00Z,18.0000,125.3900,756,5.178,011111,13098775
ONDB,2009-01-03T22:57:00Z,18.0000,125.3900,757,5.159,011111,13098775
ONDB,2009-01-03T22:57:00Z,18.0000,125.3900,758,5.1365,011111,13098775
ONDB,2009-01-03T22:57:00Z,18.0000,125.3900,759,5.137,011111,13098775
ONDB,2009-01-03T22:57:00Z,18.0000,125.3900,760,5.159,011111,13098775
ONDB,2009-01-03T22:57:00Z,18.0000,125.3900,761,5.159,011111,13098775
ONDB,2009-01-03T22:57:00Z,18.0000,125.3900,762,5.124,011111,13098775
ONDB,2009-01-03T22:57:00Z,18.0000,125.3900,763,5.1185,011111,13098775
ONDB,2009-01-03T22:57:00Z,18.0000,125.3900,764,5.106,011111,13098775
ONDB,2009-01-03T22:57:00Z,18.0000,125.3900,765,5.097,011111,13098775
ONDB,2009-01-03T22:57:00Z,18.0000,125.3900,766,5.075,011111,13098775
ONDB,2009-01-03T22:57:00Z,18.0000,125.3900,767,5.057,011111,13098775
ONDB,2009-01-03T22:57:00Z,18.0000,125.3900,768,5.047,011111,13098775
ONDB,2009-01-03T22:57:00Z,18.0000,125.3900,769,5.029,011111,13098775
ONDB,2009-01-03T22:57:00Z,18.0000,125.3900,770,5.011,011111,13098775
ONDB,2009-01-03T22:57:00Z,18.0000,125.3900,771,5.0025,011111,13098775
ONDB,2009-01-03T22:57:00Z,18.0000,125.3900,772,4.981,011111,13098775
ONDB,2009-01-03T22:57:00Z,18.0000,125.3900,773,4.972,011111,13098775
ONDB,2009-01-03T22:57:00Z,18.0000,125.3900,774,4.9475,011111,13098775
ONDB,2009-01-03T22:57:00Z,18.0000,125.3900,775,4.932,011111,13098775
ONDB,2009-01-03T22:57:00Z,18.0000,125.3900,776,4.92,011111,13098775
ONDB,2009-01-03T22:57:00Z,18.0000,125.3900,777,4.9205,011111,13098775
ONDB,2009-01-03T22:57:00Z,18.0000,125.3900,778,4.909,011111,13098775
ONDB,2009-01-03T22:57:00Z,18.0000,125.3900,779,4.8985,011111,13098775
ONDB,2009-01-03T22:57:00Z,18.0000,125.3900,780,4.8945,011111,13098775
ONDB,2009-01-03T22:57:00Z,18.0000,125.3900,781,4.88,011111,13098775
ONDB,2009-01-03T22:57:00Z,18.0000,125.3900,782,4.856,011111,13098775
ONDB,2009-01-03T22:57:00Z,18.0000,125.3900,783,4.85,011111,13098775
ONDB,2009-01-03T22:57:00Z,18.0000,125.3900,784,4.838,011111,13098775
ONDB,2009-01-03T22:57:00Z,18.0000,125.3900,785,4.836,011111,13098775
ONDB,2009-01-03T22:57:00Z,18.0000,125.3900,786,4.822,011111,13098775
ONDB,2009-01-03T22:57:00Z,18.0000,125.3900,787,4.813,011111,13098775
ONDB,2009-01-03T22:57:00Z,18.0000,125.3900,788,4.7985,011111,13098775
ONDB,2009-01-03T22:57:00Z,18.0000,125.3900,789,4.803,011111,13098775
ONDB,2009-01-03T22:57:00Z,18.0000,125.3900,790,4.7945,011111,13098775
ONDB,2009-01-03T22:57:00Z,18.0000,125.3900,791,4.7935,011111,13098775
ONDB,2009-01-03T22:57:00Z,18.0000,125.3900,792,4.786,011111,13098775
ONDB,2009-01-03T22:57:00Z,18.0000,125.3900,793,4.779,011111,13098775
ONDB,2009-01-03T22:57:00Z,18.0000,125.3900,794,4.7935,011111,13098775
ONDB,2009-01-03T22:57:00Z,18.0000,125.3900,795,4.803,011111,13098775
ONDB,2009-01-03T22:57:00Z,18.0000,125.3900,796,4.7885,011111,13098775
ONDB,2009-01-03T22:57:00Z,18.0000,125.3900,797,4.787,011111,13098775
ONDB,2009-01-03T22:57:00Z,18.0000,125.3900,798,4.7855,011111,13098775
ONDB,2009-01-03T22:57:00Z,18.0000,125.3900,799,4.7725,011111,13098775
ONDB,2009-01-03T22:57:00Z,18.0000,125.3900,800,4.739,011111,13098775
ONDB,2009-01-03T22:57:00Z,18.0000,125.3900,801,4.7755,011111,13098775
ONDB,2009-01-03T22:57:00Z,18.0000,125.3900,802,4.777,011111,13098775
ONDB,2009-01-03T22:57:00Z,18.0000,125.3900,803,4.786,011111,13098775
ONDB,2009-01-03T22:57:00Z,18.0000,125.3900,804,4.7675,011111,13098775
ONDB,2009-01-03T22:57:00Z,18.0000,125.3900,805,4.769,011111,13098775
ONDB,2009-01-03T22:57:00Z,18.0000,125.3900,806,4.734,011111,13098775
ONDB,2009-01-03T22:57:00Z,18.0000,125.3900,807,4.721,011111,13098775
ONDB,2009-01-03T22:57:00Z,18.0000,125.3900,808,4.715,011111,13098775
ONDB,2009-01-03T22:57:00Z,18.0000,125.3900,809,4.6865,011111,13098775
ONDB,2009-01-03T22:57:00Z,18.0000,125.3900,810,4.6665,011111,13098775
ONDB,2009-01-03T22:57:00Z,18.0000,125.3900,811,4.65,011111,13098775
ONDB,2009-01-03T22:57:00Z,18.0000,125.3900,812,4.632,011111,13098775
ONDB,2009-01-03T22:57:00Z,18.0000,125.3900,813,4.599,011111,13098775
ONDB,2009-01-03T22:57:00Z,18.0000,125.3900,814,4.58,011111,13098775
ONDB,2009-01-03T22:57:00Z,18.0000,125.3900,815,4.5885,011111,13098775
ONDB,2009-01-03T22:57:00Z,18.0000,125.3900,816,4.573,011111,13098775
ONDB,2009-01-03T22:57:00Z,18.0000,125.3900,817,4.5335,011111,13098775
ONDB,2009-01-03T22:57:00Z,18.0000,125.3900,818,4.557,011111,13098775
ONDB,2009-01-03T22:57:00Z,18.0000,125.3900,819,4.55,011111,13098775
ONDB,2009-01-03T22:57:00Z,18.0000,125.3900,820,4.5535,011111,13098775
ONDB,2009-01-03T22:57:00Z,18.0000,125.3900,821,4.559,011111,13098775
ONDB,2009-01-03T22:57:00Z,18.0000,125.3900,822,4.539,011111,13098775
ONDB,2009-01-03T22:57:00Z,18.0000,125.3900,823,4.549,011111,13098775
ONDB,2009-01-03T22:57:00Z,18.0000,125.3900,824,4.544,011111,13098775
ONDB,2009-01-03T22:57:00Z,18.0000,125.3900,825,4.53,011111,13098775
ONDB,2009-01-03T22:57:00Z,18.0000,125.3900,826,4.544,011111,13098775
ONDB,2009-01-03T22:57:00Z,18.0000,125.3900,827,4.542,011111,13098775
ONDB,2009-01-03T22:57:00Z,18.0000,125.3900,828,4.5385,011111,13098775
ONDB,2009-01-03T22:57:00Z,18.0000,125.3900,829,4.5425,011111,13098775
ONDB,2009-01-03T22:57:00Z,18.0000,125.3900,830,4.566,011111,13098775
ONDB,2009-01-03T22:57:00Z,18.0000,125.3900,831,4.547,011111,13098775
ONDB,2009-01-03T22:57:00Z,18.0000,125.3900,832,4.565,011111,13098775
ONDB,2009-01-03T22:57:00Z,18.0000,125.3900,833,4.553,011111,13098775
ONDB,2009-01-03T22:57:00Z,18.0000,125.3900,834,4.5555,011111,13098775
ONDB,2009-01-03T22:57:00Z,18.0000,125.3900,835,4.5215,011111,13098775
ONDB,2009-01-03T22:57:00Z,18.0000,125.3900,836,4.516,011111,13098775
ONDB,2009-01-03T22:57:00Z,18.0000,125.3900,837,4.4845,011111,13098775
ONDB,2009-01-03T22:57:00Z,18.0000,125.3900,838,4.463,011111,13098775
ONDB,2009-01-03T22:57:00Z,18.0000,125.3900,839,4.4555,011111,13098775
ONDB,2009-01-03T22:57:00Z,18.0000,125.3900,840,4.457,011111,13098775
ONDB,2009-01-03T22:57:00Z,18.0000,125.3900,841,4.45,011111,13098775
ONDB,2009-01-03T22:57:00Z,18.0000,125.3900,842,4.4525,011111,13098775
ONDB,2009-01-03T22:57:00Z,18.0000,125.3900,843,4.438,011111,13098775
ONDB,2009-01-03T22:57:00Z,18.0000,125.3900,844,4.437,011111,13098775
ONDB,2009-01-03T22:57:00Z,18.0000,125.3900,845,4.414,011111,13098775
ONDB,2009-01-03T22:57:00Z,18.0000,125.3900,846,4.413,011111,13098775
ONDB,2009-01-03T22:57:00Z,18.0000,125.3900,847,4.397,011111,13098775
ONDB,2009-01-03T22:57:00Z,18.0000,125.3900,848,4.3925,011111,13098775
ONDB,2009-01-03T22:57:00Z,18.0000,125.3900,849,4.3925,011111,13098775
ONDB,2009-01-03T22:57:00Z,18.0000,125.3900,850,4.402,011111,13098775
ONDB,2009-01-03T22:57:00Z,18.0000,125.3900,851,,011119,13098775
ONDB,2009-01-03T22:57:00Z,18.0000,125.3900,852,,011119,13098775
ONDB,2009-01-03T22:57:00Z,18.0000,125.3900,853,,011119,13098775
ONDB,2009-01-03T22:57:00Z,18.0000,125.3900,854,,011119,13098775
ONDB,2009-01-03T22:57:00Z,18.0000,125.3900,855,,011119,13098775
ONDB,2009-01-03T22:57:00Z,18.0000,125.3900,856,,011119,13098775
ONDB,2009-01-03T22:57:00Z,18.0000,125.3900,857,,011119,13098775
ONDB,2009-01-03T22:57:00Z,18.0000,125.3900,858,,011119,13098775
ONDB,2009-01-03T22:57:00Z,18.0000,125.3900,859,,011119,13098775
ONDB,2009-01-03T22:57:00Z,18.0000,125.3900,860,,011119,13098775
ONDB,2009-01-03T22:57:00Z,18.0000,125.3900,861,,011119,13098775
ONDB,2009-01-03T22:57:00Z,18.0000,125.3900,862,,011119,13098775
ONDB,2009-01-03T22:57:00Z,18.0000,125.3900,863,,011119,13098775
ONDB,2009-01-03T22:57:00Z,18.0000,125.3900,864,,011119,13098775
ONDB,2009-01-03T22:57:00Z,18.0000,125.3900,865,,011119,13098775
ONDB,2009-01-03T22:57:00Z,18.0000,125.3900,866,,011119,13098775
ONDB,2009-01-03T22:57:00Z,18.0000,125.3900,867,,011119,13098775
ONDB,2009-01-03T22:57:00Z,18.0000,125.3900,868,,011119,13098775
ONDB,2009-01-03T22:57:00Z,18.0000,125.3900,869,,011119,13098775
ONDB,2009-01-03T22:57:00Z,18.0000,125.3900,870,,011119,13098775
ONDB,2009-01-03T22:57:00Z,18.0000,125.3900,871,,011119,13098775
ONDB,2009-01-03T22:57:00Z,18.0000,125.3900,872,,011119,13098775
ONDB,2009-01-03T22:57:00Z,18.0000,125.3900,873,,011119,13098775
ONDB,2009-01-03T22:57:00Z,18.0000,125.3900,874,,011119,13098775
ONDB,2009-01-03T22:57:00Z,18.0000,125.3900,875,,011119,13098775
ONDB,2009-01-03T22:57:00Z,18.0000,125.3900,876,,011119,13098775
ONDB,2009-01-03T22:57:00Z,18.0000,125.3900,877,,011119,13098775
ONDB,2009-01-03T22:57:00Z,18.0000,125.3900,878,,011119,13098775
ONDB,2009-01-03T22:57:00Z,18.0000,125.3900,879,,011119,13098775
ONDB,2009-01-03T22:57:00Z,18.0000,125.3900,880,,011119,13098775
ONDB,2009-01-03T22:57:00Z,18.0000,125.3900,881,,011119,13098775
ONDB,2009-01-03T22:57:00Z,18.0000,125.3900,882,,011119,13098775
ONDB,2009-01-03T22:57:00Z,18.0000,125.3900,883,,011119,13098775
ONDB,2009-01-03T22:57:00Z,18.0000,125.3900,884,,011119,13098775
ONDB,2009-01-03T22:57:00Z,18.0000,125.3900,885,,011119,13098775
ONDB,2009-01-03T22:57:00Z,18.0000,125.3900,886,,011119,13098775
ONDB,2009-01-03T22:57:00Z,18.0000,125.3900,887,,011119,13098775
ONDB,2009-01-03T22:57:00Z,18.0000,125.3900,888,,011119,13098775
ONDB,2009-01-03T22:57:00Z,18.0000,125.3900,889,,011119,13098775
ONDB,2009-01-03T22:57:00Z,18.0000,125.3900,890,,011119,13098775
ONDB,2009-01-03T22:57:00Z,18.0000,125.3900,891,,011119,13098775
ONDB,2009-01-03T22:57:00Z,18.0000,125.3900,892,,011119,13098775
ONDB,2009-01-03T22:57:00Z,18.0000,125.3900,893,,011119,13098775
ONDB,2009-01-03T22:57:00Z,18.0000,125.3900,894,,011119,13098775
ONDB,2009-01-03T22:57:00Z,18.0000,125.3900,895,,011119,13098775
ONDB,2009-01-03T22:57:00Z,18.0000,125.3900,896,,011119,13098775
ONDB,2009-01-03T22:57:00Z,18.0000,125.3900,897,,011119,13098775
ONDB,2009-01-03T22:57:00Z,18.0000,125.3900,898,,011119,13098775
ONDB,2009-01-03T22:57:00Z,18.0000,125.3900,899,,011119,13098775
ONDB,2009-01-03T22:57:00Z,18.0000,125.3900,900,,011119,13098775
ONDB,2009-01-03T22:57:00Z,18.0000,125.3900,901,,011119,13098775
ONDB,2009-01-03T22:57:00Z,18.0000,125.3900,902,,011119,13098775
ONDB,2009-01-03T22:57:00Z,18.0000,125.3900,903,,011119,13098775
ONDB,2009-01-03T22:57:00Z,18.0000,125.3900,904,,011119,13098775
ONDB,2009-01-03T22:57:00Z,18.0000,125.3900,905,,011119,13098775
ONDB,2009-01-03T22:57:00Z,18.0000,125.3900,906,,011119,13098775
ONDB,2009-01-03T22:57:00Z,18.0000,125.3900,907,,011119,13098775
ONDB,2009-01-03T22:57:00Z,18.0000,125.3900,908,,011119,13098775
ONDB,2009-01-03T22:57:00Z,18.0000,125.3900,909,,011119,13098775
ONDB,2009-01-03T22:57:00Z,18.0000,125.3900,910,,011119,13098775
ONDB,2009-01-03T22:57:00Z,18.0000,125.3900,911,,011119,13098775
ONDB,2009-01-03T22:57:00Z,18.0000,125.3900,912,,011119,13098775
ONDB,2009-01-03T22:57:00Z,18.0000,125.3900,913,,011119,13098775
ONDB,2009-01-03T22:57:00Z,18.0000,125.3900,914,,011119,13098775
ONDB,2009-01-03T22:57:00Z,18.0000,125.3900,915,,011119,13098775
ONDB,2009-01-03T22:57:00Z,18.0000,125.3900,916,,011119,13098775
ONDB,2009-01-03T22:57:00Z,18.0000,125.3900,917,,011119,13098775
ONDB,2009-01-03T22:57:00Z,18.0000,125.3900,918,,011119,13098775
ONDB,2009-01-03T22:57:00Z,18.0000,125.3900,919,,011119,13098775
ONDB,2009-01-03T22:57:00Z,18.0000,125.3900,920,,011119,13098775
ONDB,2009-01-03T22:57:00Z,18.0000,125.3900,921,,011119,13098775
ONDB,2009-01-03T22:57:00Z,18.0000,125.3900,922,,011119,13098775
ONDB,2009-01-03T22:57:00Z,18.0000,125.3900,923,,011119,13098775
ONDB,2009-01-03T22:57:00Z,18.0000,125.3900,924,,011119,13098775
ONDB,2009-01-03T22:57:00Z,18.0000,125.3900,925,,011119,13098775
ONDB,2009-01-03T22:57:00Z,18.0000,125.3900,926,,011119,13098775
ONDB,2009-01-03T22:57:00Z,18.0000,125.3900,927,,011119,13098775
ONDB,2009-01-03T22:57:00Z,18.0000,125.3900,928,,011119,13098775
ONDB,2009-01-03T22:57:00Z,18.0000,125.3900,929,,011119,13098775
ONDB,2009-01-03T22:57:00Z,18.0000,125.3900,930,,011119,13098775
ONDB,2009-01-03T22:57:00Z,18.0000,125.3900,931,,011119,13098775
ONDB,2009-01-03T22:57:00Z,18.0000,125.3900,932,,011119,13098775
ONDB,2009-01-03T22:57:00Z,18.0000,125.3900,933,,011119,13098775
ONDB,2009-01-03T22:57:00Z,18.0000,125.3900,934,,011119,13098775
ONDB,2009-01-03T22:57:00Z,18.0000,125.3900,935,,011119,13098775
ONDB,2009-01-03T22:57:00Z,18.0000,125.3900,936,,011119,13098775
ONDB,2009-01-03T22:57:00Z,18.0000,125.3900,937,,011119,13098775
ONDB,2009-01-03T22:57:00Z,18.0000,125.3900,938,,011119,13098775
ONDB,2009-01-03T22:57:00Z,18.0000,125.3900,939,,011119,13098775
ONDB,2009-01-03T22:57:00Z,18.0000,125.3900,940,,011119,13098775
ONDB,2009-01-03T22:57:00Z,18.0000,125.3900,941,,011119,13098775
ONDB,2009-01-03T22:57:00Z,18.0000,125.3900,942,,011119,13098775
ONDB,2009-01-03T22:57:00Z,18.0000,125.3900,943,,011119,13098775
ONDB,2009-01-03T22:57:00Z,18.0000,125.3900,944,,011119,13098775
ONDB,2009-01-03T22:57:00Z,18.0000,125.3900,945,,011119,13098775
ONDB,2009-01-03T22:57:00Z,18.0000,125.3900,946,,011119,13098775
ONDB,2009-01-03T22:57:00Z,18.0000,125.3900,947,,011119,13098775
ONDB,2009-01-03T22:57:00Z,18.0000,125.3900,948,,011119,13098775
ONDB,2009-01-03T22:57:00Z,18.0000,125.3900,949,,011119,13098775
ONDB,2009-01-03T22:57:00Z,18.0000,125.3900,950,,011119,13098775
ONDB,2009-01-03T22:57:00Z,18.0000,125.3900,951,,011119,13098775
ONDB,2009-01-03T22:57:00Z,18.0000,125.3900,952,,011119,13098775
ONDB,2009-01-03T22:57:00Z,18.0000,125.3900,953,,011119,13098775
ONDB,2009-01-03T22:57:00Z,18.0000,125.3900,954,,011119,13098775
ONDB,2009-01-03T22:57:00Z,18.0000,125.3900,955,,011119,13098775
ONDB,2009-01-03T22:57:00Z,18.0000,125.3900,956,,011119,13098775
ONDB,2009-01-03T22:57:00Z,18.0000,125.3900,957,,011119,13098775
ONDB,2009-01-03T22:57:00Z,18.0000,125.3900,958,,011119,13098775
ONDB,2009-01-03T22:57:00Z,18.0000,125.3900,959,,011119,13098775
ONDB,2009-01-03T22:57:00Z,18.0000,125.3900,960,,011119,13098775
ONDB,2009-01-03T22:57:00Z,18.0000,125.3900,961,,011119,13098775
ONDB,2009-01-03T22:57:00Z,18.0000,125.3900,962,,011119,13098775
ONDB,2009-01-03T22:57:00Z,18.0000,125.3900,963,,011119,13098775
ONDB,2009-01-03T22:57:00Z,18.0000,125.3900,964,,011119,13098775
ONDB,2009-01-03T22:57:00Z,18.0000,125.3900,965,,011119,13098775
ONDB,2009-01-03T22:57:00Z,18.0000,125.3900,966,,011119,13098775
ONDB,2009-01-03T22:57:00Z,18.0000,125.3900,967,,011119,13098775
ONDB,2009-01-03T22:57:00Z,18.0000,125.3900,968,,011119,13098775
ONDB,2009-01-03T22:57:00Z,18.0000,125.3900,969,,011119,13098775
ONDB,2009-01-03T22:57:00Z,18.0000,125.3900,970,,011119,13098775
ONDB,2009-01-03T22:57:00Z,18.0000,125.3900,971,,011119,13098775
ONDB,2009-01-03T22:57:00Z,18.0000,125.3900,972,,011119,13098775
ONDB,2009-01-03T22:57:00Z,18.0000,125.3900,973,,011119,13098775
ONDB,2009-01-03T22:57:00Z,18.0000,125.3900,974,,011119,13098775
ONDB,2009-01-03T22:57:00Z,18.0000,125.3900,975,,011119,13098775
ONDB,2009-01-03T22:57:00Z,18.0000,125.3900,976,,011119,13098775
ONDB,2009-01-03T22:57:00Z,18.0000,125.3900,977,,011119,13098775
ONDB,2009-01-03T22:57:00Z,18.0000,125.3900,978,,011119,13098775
ONDB,2009-01-03T22:57:00Z,18.0000,125.3900,979,,011119,13098775
ONDB,2009-01-03T22:57:00Z,18.0000,125.3900,980,,011119,13098775
ONDB,2009-01-03T22:57:00Z,18.0000,125.3900,981,,011119,13098775
ONDB,2009-01-03T22:57:00Z,18.0000,125.3900,982,,011119,13098775
ONDB,2009-01-03T22:57:00Z,18.0000,125.3900,983,,011119,13098775
ONDB,2009-01-03T22:57:00Z,18.0000,125.3900,984,,011119,13098775
ONDB,2009-01-03T22:57:00Z,18.0000,125.3900,985,,011119,13098775
ONDB,2009-01-03T22:57:00Z,18.0000,125.3900,986,,011119,13098775
ONDB,2009-01-03T22:57:00Z,18.0000,125.3900,987,,011119,13098775
ONDB,2009-01-03T22:57:00Z,18.0000,125.3900,988,,011119,13098775
ONDB,2009-01-03T22:57:00Z,18.0000,125.3900,989,,011119,13098775
ONDB,2009-01-03T22:57:00Z,18.0000,125.3900,990,,011119,13098775
ONDB,2009-01-03T22:57:00Z,18.0000,125.3900,991,,011119,13098775
ONDB,2009-01-03T22:57:00Z,18.0000,125.3900,992,,011119,13098775
ONDB,2009-01-03T22:57:00Z,18.0000,125.3900,993,,011119,13098775
ONDB,2009-01-03T22:57:00Z,18.0000,125.3900,994,,011119,13098775
ONDB,2009-01-03T22:57:00Z,18.0000,125.3900,995,,011119,13098775
ONDB,2009-01-03T22:57:00Z,18.0000,125.3900,996,,011119,13098775
ONDB,2009-01-03T22:57:00Z,18.0000,125.3900,997,,011119,13098775
ONDB,2009-01-03T22:57:00Z,18.0000,125.3900,998,,011119,13098775
ONDB,2009-01-03T22:57:00Z,18.0000,125.3900,999,,011119,13098775
