PLATFORM,ARGOS_ID,DATE (yyyy-mm-ddThh:mi:ssZ),LATITUDE (degree_north),LONGITUDE (degree_east),TEMP LEVEL0 (degree_Celsius),DEPH LEVEL0 (meter),QC
5200620,127422,2015-11-01T01:00:00Z,29.3265,132.0571,25.75,0,0011117
5200620,127422,2015-11-01T02:00:00Z,29.3342,132.0513,25.75,0,0011117
5200620,127422,2015-11-01T03:00:00Z,29.3233,132.0488,25.8,0,0011117
5200620,127422,2015-11-01T04:00:00Z,29.3233,132.0488,25.8,0,0011117
5200620,127422,2015-11-01T05:00:00Z,29.3233,132.0488,25.8,0,0011117
5200620,127422,2015-11-01T06:00:00Z,29.3316,132.0922,25.8,0,0011117
5200620,127422,2015-11-01T07:00:00Z,29.3316,132.0922,25.8,0,0011117
5200620,127422,2015-11-01T08:00:00Z,29.3300,132.0382,25.75,0,0011117
5200620,127422,2015-11-01T09:00:00Z,29.3361,132.0530,25.75,0,0011117
5200620,127422,2015-11-01T10:00:00Z,29.3456,132.0495,25.7,0,0011117
5200620,127422,2015-11-01T12:00:00Z,29.3600,132.0397,25.7,0,0011117
5200620,127422,2015-11-01T13:00:00Z,29.3653,132.0377,25.65,0,0011117
5200620,127422,2015-11-01T14:00:00Z,29.3743,132.0399,25.65,0,0011117
5200620,127422,2015-11-01T15:00:00Z,29.3743,132.0399,25.65,0,0011117
5200620,127422,2015-11-01T16:00:00Z,29.4098,132.0780,25.65,0,0011117
5200620,127422,2015-11-01T18:00:00Z,29.4097,132.0778,25.65,0,0011117
5200620,127422,2015-11-01T19:00:00Z,29.4163,132.1025,25.65,0,0011117
5200620,127422,2015-11-01T20:00:00Z,29.4163,132.1025,25.65,0,0011117
5200620,127422,2015-11-01T22:00:00Z,29.4100,132.1214,25.6,0,0011117
5200620,127422,2015-11-01T23:00:00Z,29.4100,132.1214,25.6,0,0011117
5200620,127422,2015-11-02T00:00:00Z,29.4100,132.1214,25.6,0,0011117
5200620,127422,2015-11-02T01:00:00Z,29.4044,132.1459,25.65,0,0011117
5200620,127422,2015-11-02T02:00:00Z,29.4054,132.1442,25.6,0,0011117
5200620,127422,2015-11-02T03:00:00Z,29.4054,132.1442,25.6,0,0011117
5200620,127422,2015-11-02T04:00:00Z,29.4054,132.1442,25.6,0,0011117
5200620,127422,2015-11-02T05:00:00Z,29.4054,132.1442,25.6,0,0011117
5200620,127422,2015-11-02T06:00:00Z,29.4053,132.1652,25.6,0,0011117
5200620,127422,2015-11-02T07:00:00Z,29.4053,132.1652,25.6,0,0011117
5200620,127422,2015-11-02T08:00:00Z,29.4120,132.1831,25.6,0,0011117
5200620,127422,2015-11-02T09:00:00Z,29.4200,132.1957,25.65,0,0011117
5200620,127422,2015-11-02T11:00:00Z,29.4231,132.1939,25.6,0,0011117
5200620,127422,2015-11-02T12:00:00Z,29.4205,132.1961,25.6,0,0011117
5200620,127422,2015-11-02T13:00:00Z,29.4421,132.1944,25.6,0,0011117
5200620,127422,2015-11-02T14:00:00Z,29.4421,132.1944,25.6,0,0011117
5200620,127422,2015-11-02T15:00:00Z,29.4421,132.1944,25.6,0,0011117
5200620,127422,2015-11-02T16:00:00Z,29.4593,132.2403,25.6,0,0011117
5200620,127422,2015-11-02T17:00:00Z,29.4593,132.2403,25.6,0,0011117
5200620,127422,2015-11-02T18:00:00Z,29.4593,132.2403,25.6,0,0011117
5200620,127422,2015-11-02T19:00:00Z,29.4599,132.2633,25.6,0,0011117
5200620,127422,2015-11-02T20:00:00Z,29.4538,132.2745,25.6,0,0011117
5200620,127422,2015-11-02T21:00:00Z,29.4539,132.2730,25.6,0,0011117
5200620,127422,2015-11-02T22:00:00Z,29.4471,132.2755,25.55,0,0011117
5200620,127422,2015-11-02T23:00:00Z,29.4446,132.2928,25.55,0,0011117
5200620,127422,2015-11-03T00:00:00Z,29.4446,132.2928,25.55,0,0011117
5200620,127422,2015-11-03T01:00:00Z,29.4458,132.2974,25.55,0,0011117
5200620,127422,2015-11-03T02:00:00Z,29.4433,132.3028,25.5,0,0011117
5200620,127422,2015-11-03T03:00:00Z,29.4424,132.3011,25.5,0,0011117
5200620,127422,2015-11-03T05:00:00Z,29.4135,132.3193,25.5,0,0011117
5200620,127422,2015-11-03T06:00:00Z,29.4135,132.3193,25.5,0,0011117
5200620,127422,2015-11-03T07:00:00Z,29.3962,132.3167,25.5,0,0011117
5200620,127422,2015-11-03T08:00:00Z,29.3962,132.3167,25.5,0,0011117
5200620,127422,2015-11-03T09:00:00Z,29.3892,132.3131,25.5,0,0011117
5200620,127422,2015-11-03T10:00:00Z,29.3898,132.3010,25.5,0,0011117
5200620,127422,2015-11-03T11:00:00Z,29.3898,132.3010,25.5,0,0011117
5200620,127422,2015-11-03T12:00:00Z,29.3938,132.2815,25.5,0,0011117
5200620,127422,2015-11-03T13:00:00Z,29.3967,132.2823,25.5,0,0011117
5200620,127422,2015-11-03T14:00:00Z,29.3967,132.2823,25.5,0,0011117
5200620,127422,2015-11-03T15:00:00Z,29.3967,132.2823,25.5,0,0011117
5200620,127422,2015-11-03T16:00:00Z,29.4072,132.2978,25.5,0,0011117
5200620,127422,2015-11-03T17:00:00Z,29.4072,132.2978,25.45,0,0011117
5200620,127422,2015-11-03T18:00:00Z,29.4072,132.2978,25.5,0,0011117
5200620,127422,2015-11-03T19:00:00Z,29.4048,132.3064,25.5,0,0011117
5200620,127422,2015-11-03T20:00:00Z,29.4076,132.3095,25.5,0,0011117
5200620,127422,2015-11-03T22:00:00Z,29.3949,132.3142,25.45,0,0011117
5200620,127422,2015-11-03T23:00:00Z,29.3958,132.3153,25.5,0,0011117
5200620,127422,2015-11-04T01:00:00Z,29.3913,132.3209,25.5,0,0011117
5200620,127422,2015-11-04T02:00:00Z,29.3913,132.3209,25.5,0,0011117
5200620,127422,2015-11-04T03:00:00Z,29.3755,132.3184,25.55,0,0011117
5200620,127422,2015-11-04T04:00:00Z,29.3755,132.3184,25.5,0,0011117
5200620,127422,2015-11-04T05:00:00Z,29.3706,132.3145,25.5,0,0011117
5200620,127422,2015-11-04T06:00:00Z,29.3690,132.3204,25.5,0,0011117
5200620,127422,2015-11-04T07:00:00Z,29.3473,132.3128,25.5,0,0011117
5200620,127422,2015-11-04T08:00:00Z,29.3473,132.3039,25.5,0,0011117
5200620,127422,2015-11-04T09:00:00Z,29.3471,132.2980,25.5,0,0011117
5200620,127422,2015-11-04T10:00:00Z,29.3421,132.2960,25.5,0,0011117
5200620,127422,2015-11-04T11:00:00Z,29.3394,132.2633,25.45,0,0011117
5200620,127422,2015-11-04T12:00:00Z,29.3394,132.2633,25.45,0,0011117
5200620,127422,2015-11-04T13:00:00Z,29.3472,132.2559,25.45,0,0011117
5200620,127422,2015-11-04T14:00:00Z,29.3472,132.2559,25.45,0,0011117
5200620,127422,2015-11-04T15:00:00Z,29.3472,132.2559,25.45,0,0011117
5200620,127422,2015-11-04T16:00:00Z,29.3644,132.2425,25.45,0,0011117
5200620,127422,2015-11-04T17:00:00Z,29.3644,132.2425,25.45,0,0011117
5200620,127422,2015-11-04T18:00:00Z,29.3647,132.2423,25.45,0,0011117
5200620,127422,2015-11-04T19:00:00Z,29.3639,132.2507,25.4,0,0011117
5200620,127422,2015-11-04T20:00:00Z,29.3643,132.2541,25.4,0,0011117
5200620,127422,2015-11-04T21:00:00Z,29.3594,132.2560,25.4,0,0011117
5200620,127422,2015-11-04T22:00:00Z,29.3554,132.2549,25.4,0,0011117
5200620,127422,2015-11-04T23:00:00Z,29.3575,132.2458,25.4,0,0011117
5200620,127422,2015-11-05T00:00:00Z,29.3575,132.2458,25.4,0,0011117
5200620,127422,2015-11-05T01:00:00Z,29.3583,132.2381,25.4,0,0011117
5200620,127422,2015-11-05T02:00:00Z,29.3583,132.2381,25.4,0,0011117
5200620,127422,2015-11-05T03:00:00Z,29.3583,132.2381,25.45,0,0011117
5200620,127422,2015-11-05T04:00:00Z,29.3637,132.2230,25.4,0,0011117
5200620,127422,2015-11-05T05:00:00Z,29.3602,132.2195,25.45,0,0011117
5200620,127422,2015-11-05T06:00:00Z,29.3602,132.2195,25.45,0,0011117
5200620,127422,2015-11-05T07:00:00Z,29.3669,132.2337,25.45,0,0011117
5200620,127422,2015-11-05T08:00:00Z,29.3701,132.2144,25.45,0,0011117
5200620,127422,2015-11-05T09:00:00Z,29.3653,132.2207,25.45,0,0011117
5200620,127422,2015-11-05T10:00:00Z,29.3685,132.2063,25.45,0,0011117
5200620,127422,2015-11-05T12:00:00Z,29.3685,132.2038,25.45,0,0011117
5200620,127422,2015-11-05T13:00:00Z,29.3755,132.1953,25.4,0,0011117
5200620,127422,2015-11-05T14:00:00Z,29.3759,132.1955,25.4,0,0011117
5200620,127422,2015-11-05T15:00:00Z,29.4038,132.1715,25.45,0,0011117
5200620,127422,2015-11-05T16:00:00Z,29.4038,132.1715,25.45,0,0011117
5200620,127422,2015-11-05T17:00:00Z,29.4038,132.1715,25.5,0,0011117
5200620,127422,2015-11-05T18:00:00Z,29.4146,132.1709,25.45,0,0011117
5200620,127422,2015-11-05T19:00:00Z,29.4147,132.1710,25.4,0,0011117
5200620,127422,2015-11-05T20:00:00Z,29.4149,132.1864,25.4,0,0011117
5200620,127422,2015-11-05T21:00:00Z,29.4170,132.1829,25.4,0,0011117
5200620,127422,2015-11-05T22:00:00Z,29.4213,132.1861,25.4,0,0011117
5200620,127422,2015-11-06T00:00:00Z,29.4273,132.1705,25.45,0,0011117
5200620,127422,2015-11-06T01:00:00Z,29.4273,132.1705,25.45,0,0011117
5200620,127422,2015-11-06T02:00:00Z,29.4282,132.1704,25.45,0,0011117
5200620,127422,2015-11-06T03:00:00Z,29.4342,132.1622,25.5,0,0011117
5200620,127422,2015-11-06T04:00:00Z,29.4342,132.1622,25.55,0,0011117
5200620,127422,2015-11-06T05:00:00Z,29.4376,132.1372,25.55,0,0011117
5200620,127422,2015-11-06T06:00:00Z,29.4376,132.1372,25.55,0,0011117
5200620,127422,2015-11-06T07:00:00Z,29.4542,132.1385,25.5,0,0011117
5200620,127422,2015-11-06T08:00:00Z,29.4542,132.1385,25.45,0,0011117
5200620,127422,2015-11-06T09:00:00Z,29.4534,132.1300,25.45,0,0011117
5200620,127422,2015-11-06T10:00:00Z,29.4616,132.1289,25.45,0,0011117
5200620,127422,2015-11-06T11:00:00Z,29.4585,132.1221,25.45,0,0011117
5200620,127422,2015-11-06T13:00:00Z,29.4621,132.1169,25.4,0,0011117
5200620,127422,2015-11-06T14:00:00Z,29.4685,132.1130,25.4,0,0011117
5200620,127422,2015-11-06T15:00:00Z,29.4685,132.1130,25.4,0,0011117
5200620,127422,2015-11-06T16:00:00Z,29.4893,132.0801,25.4,0,0011117
5200620,127422,2015-11-06T17:00:00Z,29.4893,132.0801,25.4,0,0011117
5200620,127422,2015-11-06T18:00:00Z,29.4979,132.0722,25.4,0,0011117
5200620,127422,2015-11-06T19:00:00Z,29.4979,132.0722,25.4,0,0011117
5200620,127422,2015-11-06T20:00:00Z,29.5072,132.0730,25.4,0,0011117
5200620,127422,2015-11-06T21:00:00Z,29.5121,132.0716,25.4,0,0011117
5200620,127422,2015-11-06T22:00:00Z,29.5216,132.0759,25.35,0,0011117
5200620,127422,2015-11-06T23:00:00Z,29.5216,132.0759,25.4,0,0011117
5200620,127422,2015-11-07T00:00:00Z,29.5334,132.0819,25.4,0,0011117
5200620,127422,2015-11-07T02:00:00Z,29.5450,132.0678,25.45,0,0011117
5200620,127422,2015-11-07T03:00:00Z,29.5766,132.0513,25.45,0,0011117
5200620,127422,2015-11-07T04:00:00Z,29.5766,132.0513,25.45,0,0011117
5200620,127422,2015-11-07T05:00:00Z,29.5659,132.0467,25.45,0,0011117
5200620,127422,2015-11-07T06:00:00Z,29.5821,132.0545,25.45,0,0011117
5200620,127422,2015-11-07T07:00:00Z,29.5821,132.0545,25.4,0,0011117
5200620,127422,2015-11-07T08:00:00Z,29.6061,132.0375,25.4,0,0011117
5200620,127422,2015-11-07T09:00:00Z,29.6061,132.0375,25.4,0,0011117
5200620,127422,2015-11-07T10:00:00Z,29.6284,132.0386,25.4,0,0011117
5200620,127422,2015-11-07T11:00:00Z,29.6460,132.0403,25.45,0,0011117
5200620,127422,2015-11-07T12:00:00Z,29.6460,132.0403,25.4,0,0011117
5200620,127422,2015-11-07T13:00:00Z,29.6628,132.0404,25.45,0,0011117
5200620,127422,2015-11-07T14:00:00Z,29.6628,132.0404,25.45,0,0011117
5200620,127422,2015-11-07T15:00:00Z,29.7204,132.0429,25.45,0,0014417
5200620,127422,2015-11-07T16:00:00Z,29.7204,132.0429,25.5,0,0011117
5200620,127422,2015-11-07T17:00:00Z,29.7204,132.0429,25.5,0,0011117
5200620,127422,2015-11-07T18:00:00Z,29.7334,132.0448,25.5,0,0011117
5200620,127422,2015-11-07T19:00:00Z,29.7339,132.0463,25.5,0,0011117
5200620,127422,2015-11-07T20:00:00Z,29.7684,132.0591,25.5,0,0011117
5200620,127422,2015-11-07T21:00:00Z,29.7770,132.0591,25.5,0,0011117
5200620,127422,2015-11-07T22:00:00Z,29.7923,132.0797,25.5,0,0011117
5200620,127422,2015-11-07T23:00:00Z,29.7998,132.0743,25.5,0,0011117
5200620,127422,2015-11-08T00:00:00Z,29.8334,132.1049,25.5,0,0011117
5200620,127422,2015-11-08T01:00:00Z,29.8351,132.1028,25.45,0,0011117
5200620,127422,2015-11-08T03:00:00Z,29.8686,132.1421,25.35,0,0011117
5200620,127422,2015-11-08T04:00:00Z,29.8633,132.1401,25.4,0,0011117
5200620,127422,2015-11-08T05:00:00Z,29.8908,132.1567,25.4,0,0011117
5200620,127422,2015-11-08T06:00:00Z,29.8904,132.1583,25.4,0,0011117
5200620,127422,2015-11-08T07:00:00Z,29.9202,132.1595,25.4,0,0011117
5200620,127422,2015-11-08T08:00:00Z,29.9188,132.1576,25.4,0,0011117
5200620,127422,2015-11-08T09:00:00Z,29.9454,132.1717,25.4,0,0011117
5200620,127422,2015-11-08T10:00:00Z,29.9454,132.1717,25.4,0,0011117
5200620,127422,2015-11-08T11:00:00Z,29.9713,132.1957,25.4,0,0011117
5200620,127422,2015-11-08T12:00:00Z,29.9815,132.1986,25.4,0,0011117
5200620,127422,2015-11-08T13:00:00Z,29.9815,132.1986,25.4,0,0011117
5200620,127422,2015-11-08T14:00:00Z,29.9815,132.1986,25.4,0,0011117
5200620,127422,2015-11-08T15:00:00Z,29.9815,132.1986,25.35,0,0011117
5200620,127422,2015-11-08T16:00:00Z,29.9815,132.1986,25.4,0,0011117
5200620,127422,2015-11-08T17:00:00Z,30.0703,132.2603,25.4,0,0014417
5200620,127422,2015-11-08T18:00:00Z,30.0703,132.2603,25.4,0,0011117
5200620,127422,2015-11-08T19:00:00Z,30.0705,132.2605,25.4,0,0011117
5200620,127422,2015-11-08T20:00:00Z,30.0705,132.2605,25.4,0,0011117
5200620,127422,2015-11-08T21:00:00Z,30.1005,132.2869,25.5,0,0011117
5200620,127422,2015-11-08T22:00:00Z,30.1192,132.2990,25.55,0,0011117
5200620,127422,2015-11-08T23:00:00Z,30.1192,132.2990,25.55,0,0011117
5200620,127422,2015-11-09T00:00:00Z,30.1531,132.3308,25.55,0,0011117
5200620,127422,2015-11-09T02:00:00Z,30.1531,132.3308,25.6,0,0011117
5200620,127422,2015-11-09T03:00:00Z,30.1531,132.3308,25.6,0,0011117
5200620,127422,2015-11-09T04:00:00Z,30.1922,132.3670,25.55,0,0014417
5200620,127422,2015-11-09T05:00:00Z,30.2200,132.3890,25.5,0,0011117
5200620,127422,2015-11-09T06:00:00Z,30.2181,132.3969,25.4,0,0011117
5200620,127422,2015-11-09T07:00:00Z,30.2391,132.4074,25.4,0,0011117
5200620,127422,2015-11-09T08:00:00Z,30.2408,132.4092,25.35,0,0011117
5200620,127422,2015-11-09T09:00:00Z,30.2575,132.4285,25.3,0,0011117
5200620,127422,2015-11-09T10:00:00Z,30.2692,132.4406,25.3,0,0011117
5200620,127422,2015-11-09T11:00:00Z,30.2778,132.4468,25.25,0,0011117
5200620,127422,2015-11-09T12:00:00Z,30.2836,132.4648,25.25,0,0011117
5200620,127422,2015-11-09T14:00:00Z,30.2835,132.4624,25.25,0,0011117
5200620,127422,2015-11-09T15:00:00Z,30.2835,132.4624,25.25,0,0011117
5200620,127422,2015-11-09T16:00:00Z,30.2835,132.4624,25.3,0,0011117
5200620,127422,2015-11-09T17:00:00Z,30.2835,132.4624,25.25,0,0011117
5200620,127422,2015-11-09T18:00:00Z,30.3197,132.5223,25.25,0,0014417
5200620,127422,2015-11-09T19:00:00Z,30.3197,132.5223,25.3,0,0011117
5200620,127422,2015-11-09T20:00:00Z,30.3185,132.5228,25.3,0,0011117
5200620,127422,2015-11-09T21:00:00Z,30.3163,132.5307,25.3,0,0011117
5200620,127422,2015-11-09T22:00:00Z,30.3166,132.5299,25.3,0,0011117
5200620,127422,2015-11-09T23:00:00Z,30.3166,132.5299,25.25,0,0011117
5200620,127422,2015-11-10T00:00:00Z,30.3166,132.5299,25.25,0,0011117
5200620,127422,2015-11-10T02:00:00Z,30.3141,132.5607,25.2,0,0011117
5200620,127422,2015-11-10T03:00:00Z,30.3153,132.5559,25.2,0,0011117
5200620,127422,2015-11-10T04:00:00Z,30.3366,132.5621,25.15,0,0011117
5200620,127422,2015-11-10T05:00:00Z,30.3366,132.5621,25.15,0,0011117
5200620,127422,2015-11-10T07:00:00Z,30.3366,132.5621,25.1,0,0011117
5200620,127422,2015-11-10T08:00:00Z,30.3348,132.5862,25.05,0,0011117
5200620,127422,2015-11-10T09:00:00Z,30.3530,132.6025,25.1,0,0011117
5200620,127422,2015-11-10T12:00:00Z,30.3611,132.5930,24.95,0,0011117
5200620,127422,2015-11-10T14:00:00Z,30.3695,132.5969,24.9,0,0011117
5200620,127422,2015-11-10T15:00:00Z,30.3695,132.5969,24.85,0,0011117
5200620,127422,2015-11-10T16:00:00Z,30.4006,132.6026,24.8,0,0011117
5200620,127422,2015-11-10T17:00:00Z,30.4006,132.6026,24.8,0,0011117
5200620,127422,2015-11-10T18:00:00Z,30.4006,132.6026,24.8,0,0011117
5200620,127422,2015-11-10T19:00:00Z,30.4006,132.6026,24.8,0,0011117
5200620,127422,2015-11-10T20:00:00Z,30.4155,132.6090,24.8,0,0011117
5200620,127422,2015-11-10T21:00:00Z,30.4250,132.6016,24.8,0,0011117
5200620,127422,2015-11-11T00:00:00Z,30.4304,132.5917,25,0,0011117
5200620,127422,2015-11-11T01:00:00Z,30.4304,132.5917,25.05,0,0011117
5200620,127422,2015-11-11T02:00:00Z,30.4407,132.5792,25.1,0,0011117
5200620,127422,2015-11-11T03:00:00Z,30.4407,132.5792,25.1,0,0011117
5200620,127422,2015-11-11T04:00:00Z,30.4407,132.5792,25.1,0,0011117
5200620,127422,2015-11-11T05:00:00Z,30.4407,132.5792,25.1,0,0011117
5200620,127422,2015-11-11T06:00:00Z,30.4392,132.5364,25.1,0,0011117
5200620,127422,2015-11-11T07:00:00Z,30.4485,132.5154,25.1,0,0011117
5200620,127422,2015-11-11T08:00:00Z,30.4651,132.5081,25.1,0,0011117
5200620,127422,2015-11-11T09:00:00Z,30.4809,132.4986,25.1,0,0011117
5200620,127422,2015-11-11T10:00:00Z,30.4793,132.5000,25.1,0,0011117
5200620,127422,2015-11-11T11:00:00Z,30.4960,132.4962,25.15,0,0011117
5200620,127422,2015-11-11T12:00:00Z,30.4957,132.4958,25.1,0,0011117
5200620,127422,2015-11-11T13:00:00Z,30.5025,132.4838,25.15,0,0011117
5200620,127422,2015-11-11T14:00:00Z,30.5025,132.4838,25.1,0,0011117
5200620,127422,2015-11-11T15:00:00Z,30.5025,132.4838,25.1,0,0011117
5200620,127422,2015-11-11T16:00:00Z,30.5409,132.4565,25.15,0,0011117
5200620,127422,2015-11-11T17:00:00Z,30.5409,132.4565,25.2,0,0011117
5200620,127422,2015-11-11T18:00:00Z,30.5413,132.4565,25.2,0,0011117
5200620,127422,2015-11-11T19:00:00Z,30.5624,132.4366,25.25,0,0011117
5200620,127422,2015-11-11T20:00:00Z,30.5625,132.4367,25.25,0,0011117
5200620,127422,2015-11-11T21:00:00Z,30.5806,132.4278,25.25,0,0011117
5200620,127422,2015-11-11T22:00:00Z,30.5855,132.4349,25.25,0,0011117
5200620,127422,2015-11-11T23:00:00Z,30.5860,132.4231,25.25,0,0011117
5200620,127422,2015-11-12T00:00:00Z,30.5860,132.4231,25.3,0,0011117
5200620,127422,2015-11-12T01:00:00Z,30.6062,132.4086,25.25,0,0011117
5200620,127422,2015-11-12T02:00:00Z,30.6095,132.4184,25.25,0,0011117
5200620,127422,2015-11-12T03:00:00Z,30.6095,132.4184,25.2,0,0011117
5200620,127422,2015-11-12T04:00:00Z,30.6239,132.3958,25.2,0,0011117
5200620,127422,2015-11-12T05:00:00Z,30.6238,132.3953,25.2,0,0011117
5200620,127422,2015-11-12T06:00:00Z,30.6238,132.3953,25.2,0,0011117
5200620,127422,2015-11-12T07:00:00Z,30.6238,132.3953,25.2,0,0011117
5200620,127422,2015-11-12T08:00:00Z,30.6486,132.3627,25.2,0,0011117
5200620,127422,2015-11-12T09:00:00Z,30.6657,132.3610,25.2,0,0011117
5200620,127422,2015-11-12T11:00:00Z,30.6928,132.3424,25.2,0,0011117
5200620,127422,2015-11-12T12:00:00Z,30.7049,132.3398,25.25,0,0011117
5200620,127422,2015-11-12T13:00:00Z,30.7047,132.3357,25.25,0,0011117
5200620,127422,2015-11-12T14:00:00Z,30.7078,132.3341,25.2,0,0011117
5200620,127422,2015-11-12T15:00:00Z,30.7078,132.3341,25.2,0,0011117
5200620,127422,2015-11-12T16:00:00Z,30.7965,132.3173,25.2,0,0014417
5200620,127422,2015-11-12T17:00:00Z,30.7965,132.3173,25.2,0,0011117
5200620,127422,2015-11-12T18:00:00Z,30.7965,132.3173,25.2,0,0011117
5200620,127422,2015-11-12T19:00:00Z,30.8323,132.3113,25.15,0,0011117
5200620,127422,2015-11-12T20:00:00Z,30.8332,132.3126,25.15,0,0011117
5200620,127422,2015-11-12T21:00:00Z,30.8539,132.3205,25.2,0,0011117
5200620,127422,2015-11-12T22:00:00Z,30.8962,132.2990,25.15,0,0011117
5200620,127422,2015-11-12T23:00:00Z,30.8962,132.2990,25.1,0,0011117
5200620,127422,2015-11-13T00:00:00Z,30.9909,132.2995,25.15,0,0014417
5200620,127422,2015-11-13T01:00:00Z,31.0203,132.3008,25.15,0,0011117
5200620,127422,2015-11-13T03:00:00Z,31.0203,132.3008,25.1,0,0011117
5200620,127422,2015-11-13T04:00:00Z,31.1407,132.3253,25.05,0,0014417
5200620,127422,2015-11-13T05:00:00Z,31.1475,132.3417,25,0,0011117
5200620,127422,2015-11-13T06:00:00Z,31.2188,132.3978,25,0,0014417
5200620,127422,2015-11-13T07:00:00Z,31.2185,132.3983,24.95,0,0011117
5200620,127422,2015-11-13T08:00:00Z,31.2495,132.4055,25,0,0011117
5200620,127422,2015-11-13T10:00:00Z,31.3073,132.4692,25,0,0011117
5200620,127422,2015-11-13T11:00:00Z,31.3795,132.5360,25,0,0014417
5200620,127422,2015-11-13T12:00:00Z,31.4024,132.5661,25.05,0,0011117
5200620,127422,2015-11-13T14:00:00Z,31.4239,132.6044,24.9,0,0011117
5200620,127422,2015-11-13T15:00:00Z,31.5182,132.7431,24.9,0,0014417
5200620,127422,2015-11-13T16:00:00Z,31.5182,132.7431,24.9,0,0011117
5200620,127422,2015-11-13T17:00:00Z,31.5182,132.7431,24.95,0,0011117
5200620,127422,2015-11-13T18:00:00Z,31.5182,132.7431,24.95,0,0011117
5200620,127422,2015-11-13T19:00:00Z,31.5481,132.7803,24.95,0,0011117
5200620,127422,2015-11-13T20:00:00Z,31.5696,132.7916,24.95,0,0011117
5200620,127422,2015-11-13T21:00:00Z,31.6132,132.8136,24.9,0,0011117
5200620,127422,2015-11-13T22:00:00Z,31.6203,132.8131,24.9,0,0011117
5200620,127422,2015-11-14T00:00:00Z,31.7369,132.8620,25,0,0014417
5200620,127422,2015-11-14T01:00:00Z,31.7369,132.8620,25,0,0011117
5200620,127422,2015-11-14T02:00:00Z,31.7369,132.8620,24.95,0,0011117
5200620,127422,2015-11-14T03:00:00Z,31.9298,132.9639,25.05,0,0014417
5200620,127422,2015-11-14T04:00:00Z,31.9298,132.9639,25.05,0,0011117
5200620,127422,2015-11-14T05:00:00Z,31.9263,132.9583,25.05,0,0011117
5200620,127422,2015-11-14T06:00:00Z,31.9263,132.9583,25.05,0,0011117
5200620,127422,2015-11-14T07:00:00Z,31.9263,132.9583,25.05,0,0011117
5200620,127422,2015-11-14T08:00:00Z,31.9263,132.9583,25,0,0011117
5200620,127422,2015-11-14T09:00:00Z,32.0956,133.1656,25,0,0014417
5200620,127422,2015-11-14T10:00:00Z,32.0956,133.1656,25.05,0,0011117
5200620,127422,2015-11-14T11:00:00Z,32.1529,133.2541,25.05,0,0014417
5200620,127422,2015-11-14T12:00:00Z,32.1658,133.2885,25.05,0,0011117
5200620,127422,2015-11-14T13:00:00Z,32.1658,133.2873,25.05,0,0011117
5200620,127422,2015-11-14T14:00:00Z,32.1658,133.2873,25.05,0,0011117
5200620,127422,2015-11-14T15:00:00Z,32.2057,133.4830,25.05,0,0014417
5200620,127422,2015-11-14T16:00:00Z,32.2057,133.4830,25.05,0,0011117
5200620,127422,2015-11-14T17:00:00Z,32.2057,133.4830,25.05,0,0011117
5200620,127422,2015-11-14T18:00:00Z,32.2178,133.5446,25.05,0,0014417
5200620,127422,2015-11-14T19:00:00Z,32.2188,133.5464,25.05,0,0011117
5200620,127422,2015-11-14T20:00:00Z,32.2411,133.5948,25,0,0011117
5200620,127422,2015-11-14T23:00:00Z,32.2566,133.6407,25,0,0011117
5200620,127422,2015-11-15T00:00:00Z,32.2713,133.6948,25.05,0,0011117
5200620,127422,2015-11-15T01:00:00Z,32.2755,133.7123,25.05,0,0011117
5200620,127422,2015-11-15T02:00:00Z,32.2833,133.7437,25.05,0,0011117
5200620,127422,2015-11-15T03:00:00Z,32.2862,133.7556,25.05,0,0011117
5200620,127422,2015-11-15T04:00:00Z,32.3106,133.8329,25.05,0,0014417
5200620,127422,2015-11-15T05:00:00Z,32.3106,133.8329,25.05,0,0011117
5200620,127422,2015-11-15T06:00:00Z,32.3296,133.9100,25.05,0,0014417
5200620,127422,2015-11-15T07:00:00Z,32.3456,133.9635,25,0,0011117
5200620,127422,2015-11-15T08:00:00Z,32.3456,133.9635,24.95,0,0011117
5200620,127422,2015-11-15T09:00:00Z,32.3557,133.9992,24.9,0,0011117
5200620,127422,2015-11-15T10:00:00Z,32.3680,134.0490,24.95,0,0011117
5200620,127422,2015-11-15T11:00:00Z,32.3717,134.0732,24.9,0,0011117
5200620,127422,2015-11-15T12:00:00Z,32.3744,134.1000,24.9,0,0011117
5200620,127422,2015-11-15T13:00:00Z,32.3811,134.1245,24.9,0,0011117
5200620,127422,2015-11-15T14:00:00Z,32.3811,134.1245,24.9,0,0011117
5200620,127422,2015-11-15T15:00:00Z,32.3925,134.2251,24.9,0,0014417
5200620,127422,2015-11-15T16:00:00Z,32.3925,134.2251,24.9,0,0011117
5200620,127422,2015-11-15T17:00:00Z,32.3925,134.2251,24.9,0,0011117
5200620,127422,2015-11-15T18:00:00Z,32.3989,134.2611,24.9,0,0011117
5200620,127422,2015-11-15T19:00:00Z,32.3989,134.2611,24.85,0,0011117
5200620,127422,2015-11-15T20:00:00Z,32.4012,134.2920,24.85,0,0011117
5200620,127422,2015-11-15T21:00:00Z,32.4047,134.2996,24.85,0,0011117
5200620,127422,2015-11-15T22:00:00Z,32.4098,134.3232,24.8,0,0011117
5200620,127422,2015-11-16T00:00:00Z,32.4244,134.3727,24.85,0,0011117
5200620,127422,2015-11-16T01:00:00Z,32.4349,134.3882,24.85,0,0011117
5200620,127422,2015-11-16T02:00:00Z,32.4442,134.3987,24.85,0,0011117
5200620,127422,2015-11-16T03:00:00Z,32.4442,134.3987,24.85,0,0011117
5200620,127422,2015-11-16T04:00:00Z,32.4681,134.4573,24.9,0,0014417
5200620,127422,2015-11-16T05:00:00Z,32.4681,134.4573,24.9,0,0011117
5200620,127422,2015-11-16T06:00:00Z,32.5011,134.5502,24.85,0,0014417
5200620,127422,2015-11-16T07:00:00Z,32.4993,134.5489,24.85,0,0011117
5200620,127422,2015-11-16T08:00:00Z,32.5011,134.5502,24.8,0,0011117
5200620,127422,2015-11-16T09:00:00Z,32.5169,134.6019,24.8,0,0011117
5200620,127422,2015-11-16T10:00:00Z,32.5257,134.6137,24.8,0,0011117
5200620,127422,2015-11-16T11:00:00Z,32.5367,134.6652,24.8,0,0011117
5200620,127422,2015-11-16T12:00:00Z,32.5372,134.6658,24.8,0,0011117
5200620,127422,2015-11-16T13:00:00Z,32.5487,134.7004,24.85,0,0011117
5200620,127422,2015-11-16T14:00:00Z,32.5496,134.7222,24.85,0,0011117
5200620,127422,2015-11-16T15:00:00Z,32.5697,134.8460,24.9,0,0014417
5200620,127422,2015-11-16T16:00:00Z,32.5697,134.8460,24.9,0,0011117
5200620,127422,2015-11-16T17:00:00Z,32.5697,134.8460,24.9,0,0011117
5200620,127422,2015-11-16T18:00:00Z,32.5702,134.8957,24.9,0,0011117
5200620,127422,2015-11-16T19:00:00Z,32.5767,134.9366,24.9,0,0011117
5200620,127422,2015-11-16T20:00:00Z,32.5767,134.9366,24.9,0,0011117
5200620,127422,2015-11-16T21:00:00Z,32.5813,134.9774,24.85,0,0011117
5200620,127422,2015-11-16T22:00:00Z,32.5907,134.9981,24.9,0,0011117
5200620,127422,2015-11-16T23:00:00Z,32.6101,135.0679,24.9,0,0014417
5200620,127422,2015-11-17T00:00:00Z,32.6101,135.0679,24.9,0,0011117
5200620,127422,2015-11-17T01:00:00Z,32.6101,135.0679,24.9,0,0011117
5200620,127422,2015-11-17T02:00:00Z,32.6422,135.1947,24.9,0,0014417
5200620,127422,2015-11-17T03:00:00Z,32.6422,135.1947,24.9,0,0011117
5200620,127422,2015-11-17T04:00:00Z,32.6422,135.1947,24.9,0,0011117
5200620,127422,2015-11-17T05:00:00Z,32.6596,135.2522,24.9,0,0014417
5200620,127422,2015-11-17T06:00:00Z,32.6591,135.2530,24.9,0,0011117
5200620,127422,2015-11-17T07:00:00Z,32.6690,135.3091,24.9,0,0011117
5200620,127422,2015-11-17T08:00:00Z,32.6730,135.3181,24.9,0,0011117
5200620,127422,2015-11-17T10:00:00Z,32.6865,135.3934,24.9,0,0011117
5200620,127422,2015-11-17T11:00:00Z,32.6940,135.4558,24.9,0,0014417
5200620,127422,2015-11-17T12:00:00Z,32.7013,135.4941,24.95,0,0011117
5200620,127422,2015-11-17T13:00:00Z,32.7021,135.5108,24.95,0,0011117
5200620,127422,2015-11-17T14:00:00Z,32.7021,135.5108,24.95,0,0011117
5200620,127422,2015-11-17T15:00:00Z,32.7134,135.6327,24.95,0,0014417
5200620,127422,2015-11-17T16:00:00Z,32.7134,135.6327,24.95,0,0011117
5200620,127422,2015-11-17T17:00:00Z,32.7134,135.6327,24.95,0,0011117
5200620,127422,2015-11-17T18:00:00Z,32.7282,135.6967,25,0,0014417
5200620,127422,2015-11-17T19:00:00Z,32.7282,135.6968,24.75,0,0011117
5200620,127422,2015-11-17T21:00:00Z,32.7210,135.7706,24.55,0,0011117
5200620,127422,2015-11-17T22:00:00Z,32.7280,135.8193,24.65,0,0011117
5200620,127422,2015-11-17T23:00:00Z,32.7346,135.8680,24.65,0,0011117
5200620,127422,2015-11-18T00:00:00Z,32.7346,135.8680,24.8,0,0011117
5200620,127422,2015-11-18T01:00:00Z,32.7649,135.9074,24.85,0,0011117
5200620,127422,2015-11-18T03:00:00Z,32.7960,135.9995,24.9,0,0011117
5200620,127422,2015-11-18T04:00:00Z,32.7945,135.9992,25,0,0011117
5200620,127422,2015-11-18T05:00:00Z,32.8145,136.0805,25,0,0014417
5200620,127422,2015-11-18T06:00:00Z,32.8145,136.0805,24.9,0,0011117
5200620,127422,2015-11-18T07:00:00Z,32.8244,136.1706,24.85,0,0014417
5200620,127422,2015-11-18T08:00:00Z,32.8252,136.2193,24.8,0,0011117
5200620,127422,2015-11-18T09:00:00Z,32.8244,136.2407,24.7,0,0011117
5200620,127422,2015-11-18T10:00:00Z,32.8342,136.3012,24.4,0,0014417
5200620,127422,2015-11-18T11:00:00Z,32.8225,136.3177,24.45,0,0011117
5200620,127422,2015-11-18T12:00:00Z,32.8229,136.3402,24,0,0011117
5200620,127422,2015-11-18T14:00:00Z,32.8166,136.3591,24.7,0,0011117
5200620,127422,2015-11-18T15:00:00Z,32.8166,136.3591,24.6,0,0011117
5200620,127422,2015-11-18T16:00:00Z,32.8145,136.5846,24.6,0,0014417
5200620,127422,2015-11-18T17:00:00Z,32.8145,136.5846,24.6,0,0011117
5200620,127422,2015-11-18T18:00:00Z,32.8145,136.5846,24.65,0,0011117
5200620,127422,2015-11-18T19:00:00Z,32.8011,136.6489,24.6,0,0014417
5200620,127422,2015-11-18T20:00:00Z,32.7997,136.6624,24.55,0,0011117
5200620,127422,2015-11-18T21:00:00Z,32.7942,136.6918,24.55,0,0011117
5200620,127422,2015-11-18T22:00:00Z,32.7942,136.6918,24.55,0,0011117
5200620,127422,2015-11-18T23:00:00Z,32.7904,136.7446,24.55,0,0011117
5200620,127422,2015-11-19T00:00:00Z,32.7904,136.7446,24.55,0,0011117
5200620,127422,2015-11-19T01:00:00Z,32.7867,136.7697,24.55,0,0011117
5200620,127422,2015-11-19T02:00:00Z,32.7903,136.7826,24.55,0,0011117
5200620,127422,2015-11-19T03:00:00Z,32.7903,136.7826,24.55,0,0011117
5200620,127422,2015-11-19T04:00:00Z,32.7921,136.8086,24.55,0,0011117
5200620,127422,2015-11-19T05:00:00Z,32.7921,136.8086,24.6,0,0011117
5200620,127422,2015-11-19T06:00:00Z,32.8092,136.8429,24.6,0,0011117
5200620,127422,2015-11-19T07:00:00Z,32.8254,136.8797,24.6,0,0011117
5200620,127422,2015-11-19T08:00:00Z,32.8264,136.8830,24.6,0,0011117
5200620,127422,2015-11-19T09:00:00Z,32.8546,136.9357,24.6,0,0014417
5200620,127422,2015-11-19T10:00:00Z,32.8695,136.9633,24.55,0,0011117
5200620,127422,2015-11-19T11:00:00Z,32.8791,136.9943,24.5,0,0011117
5200620,127422,2015-11-19T12:00:00Z,32.8874,137.0191,24.55,0,0011117
5200620,127422,2015-11-19T13:00:00Z,32.8876,137.0166,24.5,0,0011117
5200620,127422,2015-11-19T14:00:00Z,32.8876,137.0166,24.5,0,0011117
5200620,127422,2015-11-19T15:00:00Z,32.9603,137.1640,24.55,0,0014417
5200620,127422,2015-11-19T16:00:00Z,32.9603,137.1640,24.55,0,0011117
5200620,127422,2015-11-19T17:00:00Z,32.9603,137.1640,24.5,0,0011117
5200620,127422,2015-11-19T18:00:00Z,32.9603,137.1640,24.5,0,0011117
5200620,127422,2015-11-19T19:00:00Z,32.9725,137.2568,24.5,0,0014417
5200620,127422,2015-11-19T20:00:00Z,32.9725,137.2568,24.5,0,0011117
5200620,127422,2015-11-19T21:00:00Z,32.9864,137.3121,24.5,0,0011117
5200620,127422,2015-11-19T22:00:00Z,32.9864,137.3121,24.6,0,0011117
5200620,127422,2015-11-19T23:00:00Z,32.9873,137.3387,24.65,0,0011117
5200620,127422,2015-11-20T00:00:00Z,32.9989,137.4120,24.65,0,0014417
5200620,127422,2015-11-20T01:00:00Z,32.9989,137.4120,24.65,0,0011117
5200620,127422,2015-11-20T02:00:00Z,33.0033,137.4526,24.65,0,0011117
5200620,127422,2015-11-20T03:00:00Z,33.0033,137.4526,24.6,0,0011117
5200620,127422,2015-11-20T04:00:00Z,32.9956,137.5796,24.6,0,0014417
5200620,127422,2015-11-20T05:00:00Z,32.9956,137.5796,24.6,0,0011117
5200620,127422,2015-11-20T06:00:00Z,32.9949,137.5804,24.55,0,0011117
5200620,127422,2015-11-20T07:00:00Z,32.9939,137.6548,24.55,0,0014417
5200620,127422,2015-11-20T08:00:00Z,32.9881,137.6704,24.5,0,0011117
5200620,127422,2015-11-20T09:00:00Z,32.9811,137.7086,24.5,0,0011117
5200620,127422,2015-11-20T10:00:00Z,32.9800,137.7446,24.45,0,0011117
5200620,127422,2015-11-20T11:00:00Z,32.9800,137.7446,24.45,0,0011117
5200620,127422,2015-11-20T12:00:00Z,32.9620,137.8672,24.45,0,0014417
5200620,127422,2015-11-20T13:00:00Z,32.9620,137.8672,24.45,0,0011117
5200620,127422,2015-11-20T14:00:00Z,32.9620,137.8672,24.5,0,0011117
5200620,127422,2015-11-20T15:00:00Z,32.9620,137.8672,24.45,0,0011117
5200620,127422,2015-11-20T16:00:00Z,32.9432,138.0757,24.4,0,0014417
5200620,127422,2015-11-20T17:00:00Z,32.9432,138.0757,24.45,0,0011117
5200620,127422,2015-11-20T18:00:00Z,32.9432,138.0757,24.5,0,0011117
5200620,127422,2015-11-20T19:00:00Z,32.9432,138.0757,24.5,0,0011117
5200620,127422,2015-11-20T20:00:00Z,32.9367,138.1629,24.45,0,0014417
5200620,127422,2015-11-20T21:00:00Z,32.9125,138.2347,24.45,0,0014417
5200620,127422,2015-11-20T22:00:00Z,32.9045,138.2591,24.45,0,0011117
5200620,127422,2015-11-20T23:00:00Z,32.9045,138.2591,24.4,0,0011117
5200620,127422,2015-11-21T00:00:00Z,32.8876,138.3602,24.45,0,0014417
5200620,127422,2015-11-21T01:00:00Z,32.8801,138.3866,24.45,0,0011117
5200620,127422,2015-11-21T02:00:00Z,32.8895,138.4106,24.45,0,0011117
5200620,127422,2015-11-21T03:00:00Z,32.8895,138.4106,24.45,0,0011117
5200620,127422,2015-11-21T04:00:00Z,32.8573,138.4928,24.45,0,0014417
5200620,127422,2015-11-21T05:00:00Z,32.8573,138.4928,24.45,0,0011117
5200620,127422,2015-11-21T06:00:00Z,32.8573,138.4928,24.45,0,0011117
5200620,127422,2015-11-21T08:00:00Z,32.8692,138.5903,24.4,0,0011117
5200620,127422,2015-11-21T09:00:00Z,32.8716,138.6115,24.4,0,0011117
5200620,127422,2015-11-21T10:00:00Z,32.8708,138.6114,24.4,0,0011117
5200620,127422,2015-11-21T11:00:00Z,32.8845,138.6460,24.4,0,0011117
5200620,127422,2015-11-21T12:00:00Z,32.8962,138.6864,24.4,0,0011117
5200620,127422,2015-11-21T13:00:00Z,32.9058,138.6874,24.4,0,0011117
5200620,127422,2015-11-21T14:00:00Z,32.9028,138.6896,24.45,0,0011117
5200620,127422,2015-11-21T15:00:00Z,32.9028,138.6896,24.45,0,0011117
5200620,127422,2015-11-21T16:00:00Z,32.9116,138.7856,24.4,0,0014417
5200620,127422,2015-11-21T17:00:00Z,32.9116,138.7856,24.4,0,0011117
5200620,127422,2015-11-21T18:00:00Z,32.9116,138.7856,24.4,0,0011117
5200620,127422,2015-11-21T19:00:00Z,32.9128,138.8272,24.4,0,0011117
5200620,127422,2015-11-21T20:00:00Z,32.9104,138.8523,24.35,0,0011117
5200620,127422,2015-11-21T21:00:00Z,32.9117,138.8648,24.35,0,0011117
5200620,127422,2015-11-21T22:00:00Z,32.9129,138.8612,24.3,0,0011117
5200620,127422,2015-11-21T23:00:00Z,32.9092,138.9143,24.3,0,0011117
5200620,127422,2015-11-22T01:00:00Z,32.8995,138.9242,24.3,0,0011117
5200620,127422,2015-11-22T02:00:00Z,32.8996,138.9241,24.35,0,0011117
5200620,127422,2015-11-22T03:00:00Z,32.8996,138.9241,24.3,0,0011117
5200620,127422,2015-11-22T04:00:00Z,32.8870,138.9575,24.3,0,0011117
5200620,127422,2015-11-22T05:00:00Z,32.8870,138.9575,24.3,0,0011117
5200620,127422,2015-11-22T06:00:00Z,32.8870,138.9575,24.3,0,0011117
5200620,127422,2015-11-22T07:00:00Z,32.8894,138.9441,24.3,0,0011117
5200620,127422,2015-11-22T08:00:00Z,32.9041,138.9552,24.35,0,0011117
5200620,127422,2015-11-22T09:00:00Z,32.9037,138.9548,24.35,0,0011117
5200620,127422,2015-11-22T10:00:00Z,32.9183,138.9714,24.3,0,0011117
5200620,127422,2015-11-22T11:00:00Z,32.9183,138.9714,24.35,0,0011117
5200620,127422,2015-11-22T12:00:00Z,32.9212,139.0024,24.3,0,0011117
5200620,127422,2015-11-22T13:00:00Z,32.9226,139.0083,24.35,0,0011117
5200620,127422,2015-11-22T14:00:00Z,32.9226,139.0083,24.3,0,0011117
5200620,127422,2015-11-22T15:00:00Z,32.9226,139.0083,24.3,0,0011117
5200620,127422,2015-11-22T16:00:00Z,32.9293,139.0708,24.3,0,0014417
5200620,127422,2015-11-22T18:00:00Z,32.9304,139.0955,24.2,0,0011117
5200620,127422,2015-11-22T19:00:00Z,32.9304,139.0955,24.2,0,0011117
5200620,127422,2015-11-22T20:00:00Z,32.9309,139.1036,24.2,0,0011117
5200620,127422,2015-11-22T21:00:00Z,32.9216,139.1237,24.2,0,0011117
5200620,127422,2015-11-22T22:00:00Z,32.9138,139.1252,24.2,0,0011117
5200620,127422,2015-11-22T23:00:00Z,32.9037,139.1473,24.25,0,0011117
5200620,127422,2015-11-23T00:00:00Z,32.9037,139.1473,24.25,0,0011117
5200620,127422,2015-11-23T01:00:00Z,32.8979,139.1519,24.2,0,0011117
5200620,127422,2015-11-23T03:00:00Z,32.9010,139.1474,24.2,0,0011117
5200620,127422,2015-11-23T04:00:00Z,32.9010,139.1474,24.2,0,0011117
5200620,127422,2015-11-23T05:00:00Z,32.8989,139.1442,24.2,0,0011117
5200620,127422,2015-11-23T06:00:00Z,32.8989,139.1442,24.2,0,0011117
5200620,127422,2015-11-23T07:00:00Z,32.9263,139.1616,24.15,0,0011117
5200620,127422,2015-11-23T08:00:00Z,32.9263,139.1616,24.15,0,0011117
5200620,127422,2015-11-23T09:00:00Z,32.9413,139.1759,24.1,0,0011117
5200620,127422,2015-11-23T10:00:00Z,32.9413,139.1759,24.1,0,0011117
5200620,127422,2015-11-23T11:00:00Z,32.9469,139.2017,24.15,0,0011117
5200620,127422,2015-11-23T12:00:00Z,32.9438,139.2160,24.15,0,0011117
5200620,127422,2015-11-23T13:00:00Z,32.9423,139.2280,24.2,0,0011117
5200620,127422,2015-11-23T14:00:00Z,32.9423,139.2280,24.1,0,0011117
5200620,127422,2015-11-23T15:00:00Z,32.9147,139.2819,24.1,0,0014417
5200620,127422,2015-11-23T16:00:00Z,32.9147,139.2819,24.15,0,0011117
5200620,127422,2015-11-23T17:00:00Z,32.9147,139.2819,24.15,0,0011117
5200620,127422,2015-11-23T18:00:00Z,32.9026,139.3001,24.15,0,0011117
5200620,127422,2015-11-23T19:00:00Z,32.8957,139.3063,24.1,0,0011117
5200620,127422,2015-11-23T20:00:00Z,32.8742,139.3117,24.1,0,0011117
5200620,127422,2015-11-23T21:00:00Z,32.8708,139.3110,24.05,0,0011117
5200620,127422,2015-11-23T22:00:00Z,32.8573,139.3249,24.15,0,0011117
5200620,127422,2015-11-23T23:00:00Z,32.8569,139.3229,24.15,0,0011117
5200620,127422,2015-11-24T00:00:00Z,32.8442,139.3383,24.15,0,0011117
5200620,127422,2015-11-24T01:00:00Z,32.8210,139.3582,24.15,0,0011117
5200620,127422,2015-11-24T02:00:00Z,32.8210,139.3582,24.15,0,0011117
5200620,127422,2015-11-24T03:00:00Z,32.8210,139.3582,24.15,0,0011117
5200620,127422,2015-11-24T04:00:00Z,32.8265,139.3923,24.15,0,0011117
5200620,127422,2015-11-24T05:00:00Z,32.8175,139.3710,24.15,0,0011117
5200620,127422,2015-11-24T06:00:00Z,32.8175,139.3710,24.15,0,0011117
5200620,127422,2015-11-24T07:00:00Z,32.8067,139.4223,24.1,0,0011117
5200620,127422,2015-11-24T08:00:00Z,32.8066,139.4264,24.1,0,0011117
5200620,127422,2015-11-24T09:00:00Z,32.8066,139.4264,24.05,0,0011117
5200620,127422,2015-11-24T10:00:00Z,32.8040,139.4500,24.1,0,0011117
5200620,127422,2015-11-24T11:00:00Z,32.8000,139.5136,24.1,0,0014417
5200620,127422,2015-11-24T12:00:00Z,32.7866,139.5350,24.1,0,0011117
5200620,127422,2015-11-24T13:00:00Z,32.7868,139.5346,24.1,0,0011117
5200620,127422,2015-11-24T14:00:00Z,32.7868,139.5346,24.1,0,0011117
5200620,127422,2015-11-24T15:00:00Z,32.6912,139.6290,24.1,0,0014417
5200620,127422,2015-11-24T16:00:00Z,32.6912,139.6290,24.1,0,0011117
5200620,127422,2015-11-24T17:00:00Z,32.6912,139.6290,24.1,0,0011117
5200620,127422,2015-11-24T18:00:00Z,32.6769,139.6085,24,0,0011117
5200620,127422,2015-11-24T20:00:00Z,32.6803,139.5880,24,0,0011117
5200620,127422,2015-11-24T21:00:00Z,32.6821,139.5931,24.05,0,0011117
5200620,127422,2015-11-24T22:00:00Z,32.6867,139.5764,24,0,0011117
5200620,127422,2015-11-24T23:00:00Z,32.7027,139.5976,24,0,0011117
5200620,127422,2015-11-25T00:00:00Z,32.7027,139.5976,24.15,0,0011117
5200620,127422,2015-11-25T01:00:00Z,32.7021,139.6282,24.2,0,0011117
5200620,127422,2015-11-25T02:00:00Z,32.7021,139.6282,24.15,0,0011117
5200620,127422,2015-11-25T03:00:00Z,32.6941,139.6608,24.25,0,0011117
5200620,127422,2015-11-25T04:00:00Z,32.6941,139.6608,24.15,0,0011117
5200620,127422,2015-11-25T05:00:00Z,32.6917,139.6573,24.15,0,0011117
5200620,127422,2015-11-25T06:00:00Z,32.6989,139.6735,24.15,0,0011117
5200620,127422,2015-11-25T07:00:00Z,32.6994,139.6700,24.1,0,0011117
5200620,127422,2015-11-25T08:00:00Z,32.6962,139.6615,24.1,0,0011117
5200620,127422,2015-11-25T09:00:00Z,32.6962,139.6724,24.05,0,0011117
5200620,127422,2015-11-25T10:00:00Z,32.6962,139.6724,24.05,0,0011117
5200620,127422,2015-11-25T11:00:00Z,32.6910,139.6997,24.1,0,0011117
5200620,127422,2015-11-25T12:00:00Z,32.6820,139.7049,24.15,0,0011117
5200620,127422,2015-11-25T13:00:00Z,32.6697,139.7290,24.1,0,0011117
5200620,127422,2015-11-25T14:00:00Z,32.6697,139.7290,24.15,0,0011117
5200620,127422,2015-11-25T15:00:00Z,32.6058,139.7926,24.2,0,0014417
5200620,127422,2015-11-25T16:00:00Z,32.6058,139.7926,24.2,0,0011117
5200620,127422,2015-11-25T17:00:00Z,32.6052,139.7927,24.2,0,0011117
5200620,127422,2015-11-25T18:00:00Z,32.5865,139.7876,24.2,0,0011117
5200620,127422,2015-11-25T19:00:00Z,32.5867,139.7881,24.2,0,0011117
5200620,127422,2015-11-25T20:00:00Z,32.5952,139.7734,24.2,0,0011117
5200620,127422,2015-11-25T22:00:00Z,32.6068,139.7749,24.15,0,0011117
5200620,127422,2015-11-25T23:00:00Z,32.6323,139.8158,24.15,0,0011117
5200620,127422,2015-11-26T00:00:00Z,32.6422,139.8286,24.1,0,0011117
5200620,127422,2015-11-26T01:00:00Z,32.6422,139.8286,24.1,0,0011117
5200620,127422,2015-11-26T02:00:00Z,32.6490,139.8560,24.05,0,0011117
5200620,127422,2015-11-26T03:00:00Z,32.6248,139.8939,24.05,0,0011117
5200620,127422,2015-11-26T04:00:00Z,32.6304,139.9000,24.05,0,0011117
5200620,127422,2015-11-26T05:00:00Z,32.6304,139.9000,24.05,0,0011117
5200620,127422,2015-11-26T06:00:00Z,32.6172,139.9216,24.05,0,0011117
5200620,127422,2015-11-26T07:00:00Z,32.6114,139.9334,24.05,0,0011117
5200620,127422,2015-11-26T08:00:00Z,32.6084,139.9451,24.05,0,0011117
5200620,127422,2015-11-26T09:00:00Z,32.6066,139.9488,24.05,0,0011117
5200620,127422,2015-11-26T10:00:00Z,32.6089,139.9663,24.05,0,0011117
5200620,127422,2015-11-26T11:00:00Z,32.6126,139.9792,24.05,0,0011117
5200620,127422,2015-11-26T12:00:00Z,32.6143,140.0137,24.05,0,0011117
5200620,127422,2015-11-26T13:00:00Z,32.6143,140.0137,24.05,0,0011117
5200620,127422,2015-11-26T14:00:00Z,32.6180,140.0236,24.2,0,0011117
5200620,127422,2015-11-26T15:00:00Z,32.6142,140.1003,24.2,0,0014417
5200620,127422,2015-11-26T16:00:00Z,32.6142,140.1003,24.25,0,0011117
5200620,127422,2015-11-26T17:00:00Z,32.6142,140.1003,24.2,0,0011117
5200620,127422,2015-11-26T18:00:00Z,32.6069,140.1155,24.15,0,0011117
5200620,127422,2015-11-26T19:00:00Z,32.6069,140.1155,24,0,0011117
5200620,127422,2015-11-26T20:00:00Z,32.6000,140.1231,24,0,0011117
5200620,127422,2015-11-26T21:00:00Z,32.5967,140.1495,24.1,0,0011117
5200620,127422,2015-11-26T22:00:00Z,32.6078,140.1364,24.05,0,0011117
5200620,127422,2015-11-26T23:00:00Z,32.6145,140.1329,24.15,0,0011117
5200620,127422,2015-11-27T00:00:00Z,32.6145,140.1329,24.2,0,0011117
5200620,127422,2015-11-27T01:00:00Z,32.6201,140.1405,24.2,0,0011117
5200620,127422,2015-11-27T02:00:00Z,32.6201,140.1405,24.2,0,0011117
5200620,127422,2015-11-27T03:00:00Z,32.6201,140.1405,24.2,0,0011117
5200620,127422,2015-11-27T04:00:00Z,32.6289,140.2117,24.2,0,0014417
5200620,127422,2015-11-27T05:00:00Z,32.6289,140.2117,24.15,0,0011117
5200620,127422,2015-11-27T06:00:00Z,32.6210,140.2824,24.15,0,0014417
5200620,127422,2015-11-27T07:00:00Z,32.5984,140.2994,24.15,0,0011117
5200620,127422,2015-11-27T08:00:00Z,32.5887,140.3104,24.15,0,0011117
5200620,127422,2015-11-27T09:00:00Z,32.5893,140.3106,24.15,0,0011117
5200620,127422,2015-11-27T11:00:00Z,32.5664,140.3396,24.15,0,0011117
5200620,127422,2015-11-27T12:00:00Z,32.5658,140.3540,24.15,0,0011117
5200620,127422,2015-11-27T13:00:00Z,32.5607,140.3508,24.1,0,0011117
5200620,127422,2015-11-27T14:00:00Z,32.5607,140.3508,24.05,0,0011117
5200620,127422,2015-11-27T15:00:00Z,32.5607,140.3508,24,0,0011117
5200620,127422,2015-11-27T16:00:00Z,32.5607,140.3508,23.95,0,0011117
5200620,127422,2015-11-27T17:00:00Z,32.5551,140.4085,23.9,0,0011117
5200620,127422,2015-11-27T18:00:00Z,32.5541,140.4403,23.9,0,0011117
5200620,127422,2015-11-27T19:00:00Z,32.5458,140.4584,23.85,0,0011117
5200620,127422,2015-11-27T20:00:00Z,32.5458,140.4584,23.8,0,0011117
5200620,127422,2015-11-27T21:00:00Z,32.5362,140.4690,23.8,0,0011117
5200620,127422,2015-11-27T22:00:00Z,32.5362,140.4690,23.75,0,0011117
5200620,127422,2015-11-27T23:00:00Z,32.5332,140.4719,23.7,0,0011117
5200620,127422,2015-11-28T00:00:00Z,32.5326,140.4714,23.65,0,0011117
5200620,127422,2015-11-28T01:00:00Z,32.5393,140.4629,23.65,0,0011117
5200620,127422,2015-11-28T02:00:00Z,32.5390,140.4629,23.65,0,0011117
5200620,127422,2015-11-28T03:00:00Z,32.5408,140.4750,23.65,0,0011117
5200620,127422,2015-11-28T04:00:00Z,32.5499,140.4851,23.65,0,0011117
5200620,127422,2015-11-28T05:00:00Z,32.5686,140.4987,23.65,0,0011117
5200620,127422,2015-11-28T06:00:00Z,32.5664,140.5065,23.65,0,0011117
5200620,127422,2015-11-28T07:00:00Z,32.5743,140.5262,23.6,0,0011117
5200620,127422,2015-11-28T08:00:00Z,32.5796,140.5458,23.6,0,0011117
5200620,127422,2015-11-28T09:00:00Z,32.5831,140.5603,23.6,0,0011117
5200620,127422,2015-11-28T10:00:00Z,32.5831,140.5603,23.6,0,0011117
5200620,127422,2015-11-28T11:00:00Z,32.5821,140.6011,23.6,0,0011117
5200620,127422,2015-11-28T12:00:00Z,32.5797,140.5998,23.6,0,0011117
5200620,127422,2015-11-28T13:00:00Z,32.5797,140.5998,23.55,0,0011117
5200620,127422,2015-11-28T14:00:00Z,32.5797,140.5998,23.55,0,0011117
5200620,127422,2015-11-28T15:00:00Z,32.5797,140.5998,23.55,0,0011117
5200620,127422,2015-11-28T16:00:00Z,32.5693,140.7150,23.55,0,0014417
5200620,127422,2015-11-28T17:00:00Z,32.5693,140.7150,23.55,0,0011117
5200620,127422,2015-11-28T18:00:00Z,32.5693,140.7150,23.6,0,0011117
5200620,127422,2015-11-28T19:00:00Z,32.5676,140.7475,23.6,0,0011117
5200620,127422,2015-11-28T20:00:00Z,32.5676,140.7475,23.55,0,0011117
5200620,127422,2015-11-28T21:00:00Z,32.5567,140.7843,23.65,0,0011117
5200620,127422,2015-11-28T22:00:00Z,32.5552,140.7931,23.65,0,0011117
5200620,127422,2015-11-28T23:00:00Z,32.5389,140.8559,23.7,0,0014417
5200620,127422,2015-11-29T00:00:00Z,32.5389,140.8559,23.6,0,0011117
5200620,127422,2015-11-29T01:00:00Z,32.5238,140.9031,23.7,0,0011117
5200620,127422,2015-11-29T02:00:00Z,32.5248,140.9038,23.65,0,0011117
5200620,127422,2015-11-29T03:00:00Z,32.5248,140.9038,23.65,0,0011117
5200620,127422,2015-11-29T04:00:00Z,32.5032,140.9340,23.65,0,0011117
5200620,127422,2015-11-29T05:00:00Z,32.4835,140.9471,23.65,0,0011117
5200620,127422,2015-11-29T06:00:00Z,32.4731,140.9674,23.6,0,0011117
5200620,127422,2015-11-29T07:00:00Z,32.4695,140.9622,23.6,0,0011117
5200620,127422,2015-11-29T08:00:00Z,32.4698,140.9685,23.6,0,0011117
5200620,127422,2015-11-29T09:00:00Z,32.4607,140.9766,23.6,0,0011117
5200620,127422,2015-11-29T10:00:00Z,32.4550,140.9798,23.55,0,0011117
5200620,127422,2015-11-29T11:00:00Z,32.4483,140.9942,23.55,0,0011117
5200620,127422,2015-11-29T12:00:00Z,32.4485,140.9941,23.55,0,0011117
5200620,127422,2015-11-29T14:00:00Z,32.4485,140.9941,23.5,0,0011117
5200620,127422,2015-11-29T15:00:00Z,32.4226,141.0433,23.5,0,0011117
5200620,127422,2015-11-29T16:00:00Z,32.4226,141.0433,23.5,0,0011117
5200620,127422,2015-11-29T17:00:00Z,32.4226,141.0433,23.5,0,0011117
5200620,127422,2015-11-29T18:00:00Z,32.4226,141.0433,23.5,0,0011117
5200620,127422,2015-11-29T19:00:00Z,32.4216,141.0380,23.45,0,0011117
5200620,127422,2015-11-29T20:00:00Z,32.4149,141.0296,23.45,0,0011117
5200620,127422,2015-11-29T21:00:00Z,32.4152,141.0289,23.45,0,0011117
5200620,127422,2015-11-29T22:00:00Z,32.4032,141.0244,23.45,0,0011117
5200620,127422,2015-11-29T23:00:00Z,32.3894,141.0065,23.45,0,0011117
5200620,127422,2015-11-30T00:00:00Z,32.3894,141.0065,23.45,0,0011117
5200620,127422,2015-11-30T01:00:00Z,32.3752,141.0037,23.45,0,0011117
5200620,127422,2015-11-30T02:00:00Z,32.3751,141.0037,23.45,0,0011117
5200620,127422,2015-11-30T03:00:00Z,32.3751,141.0037,23.55,0,0011117
5200620,127422,2015-11-30T04:00:00Z,32.3605,140.9720,23.55,0,0011117
5200620,127422,2015-11-30T05:00:00Z,32.3604,140.9717,23.6,0,0011117
5200620,127422,2015-11-30T06:00:00Z,32.3604,140.9717,23.6,0,0011117
5200620,127422,2015-11-30T07:00:00Z,32.3586,140.9319,23.65,0,0011117
5200620,127422,2015-11-30T08:00:00Z,32.3651,140.8967,23.7,0,0011117
5200620,127422,2015-11-30T09:00:00Z,32.3620,140.9039,23.7,0,0011117
5200620,127422,2015-11-30T10:00:00Z,32.3592,140.8499,23.7,0,0011117
5200620,127422,2015-11-30T11:00:00Z,32.3592,140.8499,23.7,0,0011117
5200620,127422,2015-11-30T12:00:00Z,32.3642,140.8394,23.7,0,0011117
5200620,127422,2015-11-30T13:00:00Z,32.3642,140.8394,23.7,0,0011117
5200620,127422,2015-11-30T14:00:00Z,32.3642,140.8394,23.7,0,0011117
5200620,127422,2015-11-30T15:00:00Z,32.3642,140.8394,23.6,0,0011117
5200620,127422,2015-11-30T16:00:00Z,32.3740,140.7693,23.55,0,0014417
5200620,127422,2015-11-30T17:00:00Z,32.3740,140.7693,23.45,0,0011117
5200620,127422,2015-11-30T18:00:00Z,32.3740,140.7693,23.45,0,0011117
5200620,127422,2015-11-30T19:00:00Z,32.3800,140.7423,23.5,0,0011117
5200620,127422,2015-11-30T20:00:00Z,32.3800,140.7423,23.55,0,0011117
5200620,127422,2015-11-30T21:00:00Z,32.3726,140.7236,23.6,0,0011117
5200620,127422,2015-11-30T22:00:00Z,32.3726,140.7236,23.6,0,0011117
5200620,127422,2015-11-30T23:00:00Z,32.3642,140.6771,23.6,0,0011117
5200620,127422,2015-12-01T00:00:00Z,32.3642,140.6771,23.65,0,0011117
5200620,127422,2015-12-01T02:00:00Z,32.3230,140.6543,23.7,0,0011117
5200620,127422,2015-12-01T03:00:00Z,32.3230,140.6543,23.75,0,0011117
5200620,127422,2015-12-01T04:00:00Z,32.3230,140.6543,23.75,0,0011117
5200620,127422,2015-12-01T05:00:00Z,32.3230,140.6543,23.75,0,0011117
5200620,127422,2015-12-01T06:00:00Z,32.3230,140.6543,23.7,0,0011117
5200620,127422,2015-12-01T07:00:00Z,32.2601,140.4699,23.65,0,0014417
5200620,127422,2015-12-01T08:00:00Z,32.2601,140.4699,23.6,0,0011117
5200620,127422,2015-12-01T09:00:00Z,32.2529,140.4164,23.55,0,0011117
5200620,127422,2015-12-01T10:00:00Z,32.2529,140.4164,23.5,0,0011117
5200620,127422,2015-12-01T11:00:00Z,32.2529,140.4164,23.45,0,0011117
5200620,127422,2015-12-01T12:00:00Z,32.2096,140.2774,23.4,0,0014417
5200620,127422,2015-12-01T13:00:00Z,32.2096,140.2774,23.3,0,0011117
5200620,127422,2015-12-01T14:00:00Z,32.2096,140.2774,23.1,0,0011117
5200620,127422,2015-12-01T15:00:00Z,32.1662,140.1570,23,0,0014417
5200620,127422,2015-12-01T16:00:00Z,32.1662,140.1570,22.9,0,0011117
5200620,127422,2015-12-01T17:00:00Z,32.1662,140.1570,22.95,0,0011117
5200620,127422,2015-12-01T18:00:00Z,32.1662,140.1570,22.9,0,0011117
5200620,127422,2015-12-01T19:00:00Z,32.1662,140.1570,22.9,0,0011117
5200620,127422,2015-12-01T20:00:00Z,32.1162,140.1278,22.85,0,0014417
5200620,127422,2015-12-01T21:00:00Z,32.1125,140.1266,22.95,0,0011117
5200620,127422,2015-12-01T22:00:00Z,32.0656,140.1118,22.8,0,0011117
5200620,127422,2015-12-01T23:00:00Z,32.0656,140.1118,22.85,0,0011117
5200620,127422,2015-12-02T00:00:00Z,32.0414,140.0925,22.75,0,0011117
5200620,127422,2015-12-02T01:00:00Z,32.0415,140.0965,23.45,0,0011117
5200620,127422,2015-12-02T02:00:00Z,32.0415,140.0965,23.15,0,0011117
5200620,127422,2015-12-02T03:00:00Z,32.0415,140.0965,22.75,0,0011117
5200620,127422,2015-12-02T04:00:00Z,32.0415,140.0965,22.7,0,0011117
5200620,127422,2015-12-02T05:00:00Z,31.9993,140.0695,22.65,0,0011117
5200620,127422,2015-12-02T06:00:00Z,31.9993,140.0695,22.6,0,0011117
5200620,127422,2015-12-02T07:00:00Z,31.9870,140.0767,22.55,0,0011117
5200620,127422,2015-12-02T08:00:00Z,31.9701,140.0691,22.55,0,0011117
5200620,127422,2015-12-02T09:00:00Z,31.9701,140.0691,22.65,0,0011117
5200620,127422,2015-12-02T10:00:00Z,31.9704,140.0713,22.65,0,0011117
5200620,127422,2015-12-02T11:00:00Z,31.9704,140.0713,22.8,0,0011117
5200620,127422,2015-12-02T12:00:00Z,31.9349,140.0108,22.85,0,0014417
5200620,127422,2015-12-02T13:00:00Z,31.9349,140.0108,22.9,0,0011117
5200620,127422,2015-12-02T14:00:00Z,31.9349,140.0108,23.15,0,0011117
5200620,127422,2015-12-02T15:00:00Z,31.8589,139.9954,23.2,0,0014417
5200620,127422,2015-12-02T16:00:00Z,31.8589,139.9954,23.25,0,0011117
5200620,127422,2015-12-02T17:00:00Z,31.8586,139.9956,23.3,0,0011117
5200620,127422,2015-12-02T18:00:00Z,31.8249,139.9939,23.35,0,0011117
5200620,127422,2015-12-02T19:00:00Z,31.8253,139.9964,23.4,0,0011117
5200620,127422,2015-12-02T20:00:00Z,31.8160,140.0024,23.4,0,0011127
5200620,127422,2015-12-02T21:00:00Z,31.8147,140.0029,23.45,0,0011127
5200620,127422,2015-12-02T22:00:00Z,31.7944,139.9879,23.45,0,0011117
5200620,127422,2015-12-02T23:00:00Z,31.8013,139.9886,23.45,0,0011117
5200620,127422,2015-12-03T00:00:00Z,31.8024,140.0068,23.5,0,0011127
5200620,127422,2015-12-03T01:00:00Z,31.8024,140.0068,23.5,0,0011127
5200620,127422,2015-12-03T03:00:00Z,31.7969,140.0842,23.5,0,0011127
5200620,127422,2015-12-03T04:00:00Z,31.7969,140.0842,23.45,0,0011127
5200620,127422,2015-12-03T05:00:00Z,31.7969,140.0842,23.4,0,0011127
5200620,127422,2015-12-03T06:00:00Z,31.7585,140.1274,23.4,0,0014427
5200620,127422,2015-12-03T07:00:00Z,31.7161,140.1817,23.35,0,0014427
5200620,127422,2015-12-03T08:00:00Z,31.6938,140.1799,23.25,0,0011127
5200620,127422,2015-12-03T09:00:00Z,31.6638,140.2340,23.2,0,0014417
5200620,127422,2015-12-03T10:00:00Z,31.6638,140.2340,23.1,0,0011117
5200620,127422,2015-12-03T11:00:00Z,31.5852,140.2934,23,0,0014417
5200620,127422,2015-12-03T12:00:00Z,31.5854,140.2931,22.75,0,0011117
5200620,127422,2015-12-03T13:00:00Z,31.5854,140.2931,22.7,0,0011117
5200620,127422,2015-12-03T14:00:00Z,31.5854,140.2931,22.85,0,0011117
5200620,127422,2015-12-03T15:00:00Z,31.5620,140.4623,23,0,0014417
5200620,127422,2015-12-03T16:00:00Z,31.5620,140.4623,23.05,0,0011117
5200620,127422,2015-12-03T17:00:00Z,31.5620,140.4623,23.15,0,0011117
5200620,127422,2015-12-03T18:00:00Z,31.5856,140.5063,23.15,0,0011117
5200620,127422,2015-12-03T19:00:00Z,31.5856,140.5063,23.1,0,0011117
5200620,127422,2015-12-03T20:00:00Z,31.5811,140.5746,23.05,0,0014417
5200620,127422,2015-12-03T21:00:00Z,31.5806,140.6038,22.9,0,0011117
5200620,127422,2015-12-03T22:00:00Z,31.5821,140.6061,22.95,0,0011117
5200620,127422,2015-12-03T23:00:00Z,31.6095,140.6952,23,0,0014417
5200620,127422,2015-12-04T02:00:00Z,31.6095,140.6952,23,0,0011117
5200620,127422,2015-12-04T03:00:00Z,31.6096,140.8074,23,0,0014417
5200620,127422,2015-12-04T04:00:00Z,31.6096,140.8074,23,0,0011117
5200620,127422,2015-12-04T05:00:00Z,31.6097,140.8079,23.15,0,0011117
5200620,127422,2015-12-04T06:00:00Z,31.6181,140.8621,23.2,0,0011117
5200620,127422,2015-12-04T07:00:00Z,31.6171,140.8798,23.1,0,0011117
5200620,127422,2015-12-04T08:00:00Z,31.6104,140.8747,23.1,0,0011117
5200620,127422,2015-12-04T09:00:00Z,31.6185,140.9138,23.15,0,0011117
5200620,127422,2015-12-04T10:00:00Z,31.6185,140.9138,23.1,0,0011117
5200620,127422,2015-12-04T11:00:00Z,31.6349,140.9640,23.2,0,0011117
5200620,127422,2015-12-04T12:00:00Z,31.6349,140.9640,23.2,0,0011117
5200620,127422,2015-12-04T13:00:00Z,31.6349,140.9640,23.2,0,0011117
5200620,127422,2015-12-04T14:00:00Z,31.6858,141.0204,23.15,0,0014417
5200620,127422,2015-12-04T15:00:00Z,31.6858,141.0204,23.15,0,0011117
5200620,127422,2015-12-04T16:00:00Z,31.6858,141.0204,23.15,0,0011117
5200620,127422,2015-12-04T17:00:00Z,31.6861,141.0202,23.1,0,0011117
5200620,127422,2015-12-04T18:00:00Z,31.7033,141.0426,23.15,0,0011117
5200620,127422,2015-12-04T19:00:00Z,31.7033,141.0426,23.15,0,0011117
5200620,127422,2015-12-04T20:00:00Z,31.7033,141.0426,23.1,0,0011117
5200620,127422,2015-12-04T21:00:00Z,31.7232,141.0925,23.05,0,0011117
5200620,127422,2015-12-04T22:00:00Z,31.7232,141.0925,23,0,0011117
5200620,127422,2015-12-04T23:00:00Z,31.7253,141.1472,22.95,0,0011117
5200620,127422,2015-12-05T00:00:00Z,31.7250,141.1473,22.9,0,0011117
5200620,127422,2015-12-05T01:00:00Z,31.7207,141.1708,22.9,0,0011117
5200620,127422,2015-12-05T02:00:00Z,31.7207,141.1708,22.95,0,0011117
5200620,127422,2015-12-05T03:00:00Z,31.7189,141.2145,23.05,0,0011117
5200620,127422,2015-12-05T04:00:00Z,31.7166,141.2090,23.05,0,0011117
5200620,127422,2015-12-05T05:00:00Z,31.7107,141.2276,23,0,0011117
5200620,127422,2015-12-05T06:00:00Z,31.7079,141.2361,22.9,0,0011117
5200620,127422,2015-12-05T07:00:00Z,31.6905,141.2477,22.8,0,0011117
5200620,127422,2015-12-05T08:00:00Z,31.6852,141.2513,22.8,0,0011117
5200620,127422,2015-12-05T09:00:00Z,31.6852,141.2513,22.8,0,0011117
5200620,127422,2015-12-05T10:00:00Z,31.6715,141.2668,22.8,0,0011117
5200620,127422,2015-12-05T11:00:00Z,31.6715,141.2668,22.8,0,0011117
5200620,127422,2015-12-05T12:00:00Z,31.6738,141.2616,22.8,0,0011117
5200620,127422,2015-12-05T13:00:00Z,31.6738,141.2616,22.75,0,0011117
5200620,127422,2015-12-05T14:00:00Z,31.6738,141.2616,22.7,0,0011117
5200620,127422,2015-12-05T15:00:00Z,31.6579,141.3137,22.65,0,0011117
5200620,127422,2015-12-05T16:00:00Z,31.6579,141.3137,22.55,0,0011117
5200620,127422,2015-12-05T17:00:00Z,31.6579,141.3137,22.5,0,0011117
5200620,127422,2015-12-05T18:00:00Z,31.6473,141.3374,22.45,0,0011117
5200620,127422,2015-12-05T19:00:00Z,31.6473,141.3374,22.4,0,0011117
5200620,127422,2015-12-05T20:00:00Z,31.6400,141.3622,22.4,0,0011117
5200620,127422,2015-12-05T21:00:00Z,31.6372,141.3677,22.4,0,0011117
5200620,127422,2015-12-05T22:00:00Z,31.6315,141.3897,22.4,0,0011117
5200620,127422,2015-12-05T23:00:00Z,31.6271,141.3990,22.4,0,0011117
5200620,127422,2015-12-06T00:00:00Z,31.6271,141.3990,22.35,0,0011117
5200620,127422,2015-12-06T01:00:00Z,31.5981,141.4200,22.35,0,0011117
5200620,127422,2015-12-06T02:00:00Z,31.5978,141.4204,22.35,0,0011117
5200620,127422,2015-12-06T03:00:00Z,31.5978,141.4204,22.4,0,0011117
5200620,127422,2015-12-06T04:00:00Z,31.5704,141.4409,22.35,0,0011117
5200620,127422,2015-12-06T05:00:00Z,31.5542,141.4460,22.35,0,0011117
5200620,127422,2015-12-06T06:00:00Z,31.5531,141.4496,22.35,0,0011117
5200620,127422,2015-12-06T07:00:00Z,31.5305,141.4524,22.35,0,0011117
5200620,127422,2015-12-06T08:00:00Z,31.5319,141.4659,22.35,0,0011117
5200620,127422,2015-12-06T09:00:00Z,31.5213,141.4565,22.4,0,0011117
5200620,127422,2015-12-06T10:00:00Z,31.5186,141.4622,22.4,0,0011117
5200620,127422,2015-12-06T11:00:00Z,31.5220,141.4545,22.4,0,0011117
5200620,127422,2015-12-06T12:00:00Z,31.5210,141.4581,22.4,0,0011117
5200620,127422,2015-12-06T13:00:00Z,31.5210,141.4581,22.4,0,0011117
5200620,127422,2015-12-06T14:00:00Z,31.5210,141.4581,22.4,0,0011117
5200620,127422,2015-12-06T15:00:00Z,31.5239,141.4697,22.4,0,0011117
5200620,127422,2015-12-06T16:00:00Z,31.5239,141.4697,22.4,0,0011117
5200620,127422,2015-12-06T17:00:00Z,31.5239,141.4697,22.4,0,0011117
5200620,127422,2015-12-06T18:00:00Z,31.5281,141.4811,22.35,0,0011117
5200620,127422,2015-12-06T19:00:00Z,31.5287,141.4950,22.35,0,0011117
5200620,127422,2015-12-06T20:00:00Z,31.5277,141.4973,22.3,0,0011117
5200620,127422,2015-12-06T21:00:00Z,31.5209,141.5152,22.3,0,0011117
5200620,127422,2015-12-06T22:00:00Z,31.5229,141.5189,22.3,0,0011117
5200620,127422,2015-12-06T23:00:00Z,31.5229,141.5189,22.25,0,0011117
5200620,127422,2015-12-07T01:00:00Z,31.5139,141.5435,22.3,0,0011117
5200620,127422,2015-12-07T02:00:00Z,31.5139,141.5435,22.25,0,0011117
5200620,127422,2015-12-07T03:00:00Z,31.5139,141.5435,22.25,0,0011117
5200620,127422,2015-12-07T04:00:00Z,31.5068,141.5548,22.25,0,0011117
5200620,127422,2015-12-07T05:00:00Z,31.5068,141.5548,22.25,0,0011117
5200620,127422,2015-12-07T06:00:00Z,31.4903,141.5634,22.25,0,0011117
5200620,127422,2015-12-07T07:00:00Z,31.4757,141.5548,22.25,0,0011117
5200620,127422,2015-12-07T08:00:00Z,31.4740,141.5509,22.25,0,0011117
5200620,127422,2015-12-07T12:00:00Z,31.4768,141.5201,22.25,0,0011117
5200620,127422,2015-12-07T13:00:00Z,31.4768,141.5201,22.2,0,0011117
5200620,127422,2015-12-07T14:00:00Z,31.4768,141.5201,22.25,0,0011117
5200620,127422,2015-12-07T15:00:00Z,31.4768,141.5201,22.25,0,0011117
5200620,127422,2015-12-07T16:00:00Z,31.4988,141.4948,22.3,0,0011117
5200620,127422,2015-12-07T17:00:00Z,31.4988,141.4948,22.3,0,0011117
5200620,127422,2015-12-07T18:00:00Z,31.4988,141.4948,22.3,0,0011117
5200620,127422,2015-12-07T19:00:00Z,31.4966,141.4904,22.3,0,0011117
5200620,127422,2015-12-07T20:00:00Z,31.4965,141.4918,22.25,0,0011117
5200620,127422,2015-12-07T21:00:00Z,31.4816,141.5021,22.25,0,0011117
5200620,127422,2015-12-07T22:00:00Z,31.4833,141.4970,22.3,0,0011117
5200620,127422,2015-12-07T23:00:00Z,31.4833,141.4970,22.3,0,0011117
5200620,127422,2015-12-08T00:00:00Z,31.4545,141.4902,22.35,0,0011117
5200620,127422,2015-12-08T01:00:00Z,31.4545,141.4902,22.3,0,0011117
5200620,127422,2015-12-08T02:00:00Z,31.4238,141.4586,22.3,0,0011117
5200620,127422,2015-12-08T03:00:00Z,31.4545,141.4902,22.4,0,0011117
5200620,127422,2015-12-08T04:00:00Z,31.4238,141.4586,22.45,0,0011117
5200620,127422,2015-12-08T05:00:00Z,31.4145,141.4345,22.45,0,0011117
5200620,127422,2015-12-08T06:00:00Z,31.4137,141.4413,22.45,0,0011117
5200620,127422,2015-12-08T07:00:00Z,31.3936,141.4200,22.45,0,0011117
5200620,127422,2015-12-08T08:00:00Z,31.3774,141.3842,22.4,0,0011117
5200620,127422,2015-12-08T09:00:00Z,31.3755,141.4009,22.35,0,0011117
5200620,127422,2015-12-08T10:00:00Z,31.3755,141.4009,22.3,0,0011117
5200620,127422,2015-12-08T11:00:00Z,31.3546,141.3368,22.2,0,0014417
5200620,127422,2015-12-08T12:00:00Z,31.3546,141.3368,22.15,0,0011117
5200620,127422,2015-12-08T13:00:00Z,31.3546,141.3368,22.15,0,0011117
5200620,127422,2015-12-08T14:00:00Z,31.3546,141.3368,22.15,0,0011117
5200620,127422,2015-12-08T15:00:00Z,31.3407,141.2423,22.15,0,0014417
5200620,127422,2015-12-08T16:00:00Z,31.3407,141.2423,22.15,0,0011117
5200620,127422,2015-12-08T17:00:00Z,31.3407,141.2423,22.15,0,0011117
5200620,127422,2015-12-08T18:00:00Z,31.3407,141.2423,22.15,0,0011117
5200620,127422,2015-12-08T19:00:00Z,31.3407,141.2423,22.1,0,0011117
5200620,127422,2015-12-08T20:00:00Z,31.3249,141.1983,22.1,0,0011117
5200620,127422,2015-12-08T21:00:00Z,31.3172,141.1759,22.1,0,0011117
5200620,127422,2015-12-08T22:00:00Z,31.3171,141.1762,22.1,0,0011117
5200620,127422,2015-12-09T00:00:00Z,31.3171,141.1762,22.1,0,0011117
5200620,127422,2015-12-09T01:00:00Z,31.3004,141.1258,22.15,0,0011117
5200620,127422,2015-12-09T02:00:00Z,31.3004,141.1258,22.25,0,0011117
5200620,127422,2015-12-09T03:00:00Z,31.3004,141.1258,22.3,0,0011117
5200620,127422,2015-12-09T04:00:00Z,31.2681,141.0909,22.3,0,0011117
5200620,127422,2015-12-09T05:00:00Z,31.2683,141.0884,22.35,0,0011117
5200620,127422,2015-12-09T06:00:00Z,31.2599,141.0632,22.35,0,0011117
5200620,127422,2015-12-09T07:00:00Z,31.2510,141.0648,22.4,0,0011117
5200620,127422,2015-12-09T08:00:00Z,31.2387,141.0399,22.4,0,0011117
5200620,127422,2015-12-09T09:00:00Z,31.2387,141.0399,22.35,0,0011117
5200620,127422,2015-12-09T10:00:00Z,31.2364,140.9865,22.35,0,0011117
5200620,127422,2015-12-09T11:00:00Z,31.2364,140.9865,22.3,0,0011117
5200620,127422,2015-12-09T12:00:00Z,31.2364,140.9865,22.3,0,0011117
5200620,127422,2015-12-09T13:00:00Z,31.2535,140.9797,22.3,0,0011117
5200620,127422,2015-12-09T14:00:00Z,31.2535,140.9797,22.3,0,0011117
5200620,127422,2015-12-09T15:00:00Z,31.2535,140.9797,22.3,0,0011117
5200620,127422,2015-12-09T16:00:00Z,31.2691,140.9320,22.35,0,0011117
5200620,127422,2015-12-09T17:00:00Z,31.2691,140.9320,22.35,0,0011117
5200620,127422,2015-12-09T18:00:00Z,31.2691,140.9320,22.35,0,0011117
5200620,127422,2015-12-09T20:00:00Z,31.2868,140.9127,22.15,0,0011117
5200620,127422,2015-12-09T21:00:00Z,31.2872,140.9125,22.05,0,0011117
5200620,127422,2015-12-09T22:00:00Z,31.2872,140.9125,22.1,0,0011117
5200620,127422,2015-12-09T23:00:00Z,31.2884,140.8940,22.15,0,0011117
5200620,127422,2015-12-10T00:00:00Z,31.2884,140.8940,22.2,0,0011117
5200620,127422,2015-12-10T01:00:00Z,31.2826,140.8858,22.35,0,0011117
5200620,127422,2015-12-10T02:00:00Z,31.2826,140.8858,22.4,0,0011117
5200620,127422,2015-12-10T03:00:00Z,31.2826,140.8858,22.4,0,0011117
5200620,127422,2015-12-10T05:00:00Z,31.2710,140.8092,22.4,0,0011117
5200620,127422,2015-12-10T06:00:00Z,31.2826,140.8858,22.4,0,0014417
5200620,127422,2015-12-10T07:00:00Z,31.2710,140.8092,22.4,0,0014417
5200620,127422,2015-12-10T08:00:00Z,31.2852,140.7837,22.35,0,0011117
5200620,127422,2015-12-10T09:00:00Z,31.2853,140.7850,22.35,0,0011117
5200620,127422,2015-12-10T10:00:00Z,31.3106,140.7247,22.35,0,0014417
5200620,127422,2015-12-10T12:00:00Z,31.3121,140.7225,22.35,0,0011117
5200620,127422,2015-12-10T13:00:00Z,31.3121,140.7225,22.4,0,0011117
5200620,127422,2015-12-10T14:00:00Z,31.3121,140.7225,22.35,0,0011117
5200620,127422,2015-12-10T15:00:00Z,31.4158,140.6583,22.3,0,0014417
5200620,127422,2015-12-10T16:00:00Z,31.4158,140.6583,22.25,0,0011117
5200620,127422,2015-12-10T17:00:00Z,31.4158,140.6583,22.2,0,0011117
5200620,127422,2015-12-10T18:00:00Z,31.4387,140.6426,22.25,0,0011117
5200620,127422,2015-12-10T19:00:00Z,31.4390,140.6421,22.3,0,0011117
5200620,127422,2015-12-10T20:00:00Z,31.4615,140.6382,22.35,0,0011117
5200620,127422,2015-12-10T21:00:00Z,31.4687,140.6392,22.4,0,0011117
5200620,127422,2015-12-10T22:00:00Z,31.4969,140.6208,22.45,0,0011117
5200620,127422,2015-12-10T23:00:00Z,31.5140,140.6301,22.5,0,0011117
5200620,127422,2015-12-11T00:00:00Z,31.5224,140.6212,22.5,0,0011117
5200620,127422,2015-12-11T01:00:00Z,31.5537,140.6172,22.5,0,0011117
5200620,127422,2015-12-11T02:00:00Z,31.5537,140.6172,22.5,0,0011117
5200620,127422,2015-12-11T03:00:00Z,31.6060,140.6455,22.5,0,0014417
5200620,127422,2015-12-11T04:00:00Z,31.6060,140.6455,22.5,0,0011117
5200620,127422,2015-12-11T05:00:00Z,31.6047,140.6442,22.5,0,0011117
5200620,127422,2015-12-11T06:00:00Z,31.6047,140.6442,22.5,0,0011117
5200620,127422,2015-12-11T07:00:00Z,31.6152,140.6684,22.5,0,0011117
5200620,127422,2015-12-11T08:00:00Z,31.6142,140.6796,22.5,0,0011117
5200620,127422,2015-12-11T09:00:00Z,31.6142,140.6796,22.5,0,0011117
5200620,127422,2015-12-11T10:00:00Z,31.6142,140.6796,22.45,0,0011117
5200620,127422,2015-12-11T11:00:00Z,31.6142,140.6796,22.5,0,0011117
5200620,127422,2015-12-11T12:00:00Z,31.6093,140.6938,22.5,0,0011117
5200620,127422,2015-12-11T13:00:00Z,31.6093,140.6938,22.5,0,0011117
5200620,127422,2015-12-11T14:00:00Z,31.6093,140.6938,22.5,0,0011117
5200620,127422,2015-12-11T15:00:00Z,31.5990,140.7051,22.55,0,0011117
5200620,127422,2015-12-11T16:00:00Z,31.5990,140.7051,22.6,0,0011117
5200620,127422,2015-12-11T17:00:00Z,31.5990,140.7051,22.6,0,0011117
5200620,127422,2015-12-11T18:00:00Z,31.5924,140.7111,22.55,0,0011117
5200620,127422,2015-12-11T19:00:00Z,31.5924,140.7111,22.55,0,0011117
5200620,127422,2015-12-11T20:00:00Z,31.5816,140.7068,22.55,0,0011117
5200620,127422,2015-12-11T21:00:00Z,31.5771,140.7017,22.55,0,0011117
5200620,127422,2015-12-11T22:00:00Z,31.5769,140.6989,22.5,0,0011117
5200620,127422,2015-12-11T23:00:00Z,31.5769,140.6989,22.5,0,0011117
5200620,127422,2015-12-12T00:00:00Z,31.5650,140.6583,22.5,0,0011117
5200620,127422,2015-12-12T01:00:00Z,31.5650,140.6583,22.45,0,0011117
5200620,127422,2015-12-12T02:00:00Z,31.5650,140.6583,22.45,0,0011117
5200620,127422,2015-12-12T03:00:00Z,31.5858,140.5582,22.4,0,0014417
5200620,127422,2015-12-12T04:00:00Z,31.5858,140.5582,22.35,0,0011117
5200620,127422,2015-12-12T05:00:00Z,31.5852,140.5580,22.25,0,0011117
5200620,127422,2015-12-12T06:00:00Z,31.6003,140.5287,22.25,0,0011117
5200620,127422,2015-12-12T07:00:00Z,31.5962,140.5061,22.25,0,0011117
5200620,127422,2015-12-12T08:00:00Z,31.5962,140.5061,22.3,0,0011117
5200620,127422,2015-12-12T09:00:00Z,31.6032,140.4752,22.3,0,0011117
5200620,127422,2015-12-12T11:00:00Z,31.6410,140.4272,22.3,0,0011117
5200620,127422,2015-12-12T12:00:00Z,31.6410,140.4272,22.25,0,0011117
5200620,127422,2015-12-12T13:00:00Z,31.6410,140.4272,22.25,0,0011117
5200620,127422,2015-12-12T14:00:00Z,31.6410,140.4272,22.15,0,0011117
5200620,127422,2015-12-12T15:00:00Z,31.6719,140.4310,22.15,0,0011117
5200620,127422,2015-12-12T16:00:00Z,31.6719,140.4310,22.15,0,0011117
5200620,127422,2015-12-12T17:00:00Z,31.6719,140.4310,22.2,0,0011117
5200620,127422,2015-12-12T18:00:00Z,31.6726,140.4414,22.2,0,0011117
5200620,127422,2015-12-12T19:00:00Z,31.6726,140.4414,22.2,0,0011117
5200620,127422,2015-12-12T20:00:00Z,31.6640,140.4409,22.2,0,0011117
5200620,127422,2015-12-12T21:00:00Z,31.6640,140.4409,22.25,0,0011117
5200620,127422,2015-12-12T22:00:00Z,31.6506,140.4359,22.25,0,0011117
5200620,127422,2015-12-12T23:00:00Z,31.6506,140.4359,22.3,0,0011117
5200620,127422,2015-12-13T00:00:00Z,31.6745,140.4282,22.3,0,0011117
5200620,127422,2015-12-13T01:00:00Z,31.6745,140.4282,22.3,0,0011117
5200620,127422,2015-12-13T02:00:00Z,31.6745,140.4282,22.3,0,0011117
5200620,127422,2015-12-13T05:00:00Z,31.6984,140.4494,22.25,0,0011117
5200620,127422,2015-12-13T06:00:00Z,31.7162,140.4761,22.2,0,0011117
5200620,127422,2015-12-13T07:00:00Z,31.7214,140.5003,22.15,0,0011117
5200620,127422,2015-12-13T08:00:00Z,31.7200,140.4858,22.1,0,0011117
5200620,127422,2015-12-13T10:00:00Z,31.7199,140.4842,22.25,0,0011117
5200620,127422,2015-12-13T11:00:00Z,31.7288,140.4937,22.25,0,0011117
5200620,127422,2015-12-13T12:00:00Z,31.7288,140.4937,22.3,0,0011117
5200620,127422,2015-12-13T14:00:00Z,31.7288,140.4937,22.3,0,0011117
5200620,127422,2015-12-13T15:00:00Z,31.7176,140.5207,22.35,0,0011117
5200620,127422,2015-12-13T16:00:00Z,31.7176,140.5207,22.35,0,0011117
5200620,127422,2015-12-13T17:00:00Z,31.7182,140.5209,22.35,0,0011117
5200620,127422,2015-12-13T18:00:00Z,31.7061,140.5240,22.35,0,0011117
5200620,127422,2015-12-13T19:00:00Z,31.7061,140.5240,22.3,0,0011117
5200620,127422,2015-12-13T20:00:00Z,31.6898,140.5130,22.3,0,0011117
5200620,127422,2015-12-13T21:00:00Z,31.6833,140.5076,22.3,0,0011117
5200620,127422,2015-12-13T22:00:00Z,31.6793,140.4941,22.3,0,0011117
5200620,127422,2015-12-13T23:00:00Z,31.6731,140.4958,22.3,0,0011117
5200620,127422,2015-12-14T00:00:00Z,31.6628,140.4512,22.25,0,0011117
5200620,127422,2015-12-14T01:00:00Z,31.6638,140.4300,22.25,0,0011117
5200620,127422,2015-12-14T02:00:00Z,31.6638,140.4300,22.25,0,0011117
5200620,127422,2015-12-14T03:00:00Z,31.6755,140.4071,22.25,0,0011117
5200620,127422,2015-12-14T04:00:00Z,31.6773,140.4079,22.25,0,0011117
5200620,127422,2015-12-14T06:00:00Z,31.6817,140.3941,22.25,0,0011117
5200620,127422,2015-12-14T07:00:00Z,31.6898,140.3877,22.25,0,0011117
5200620,127422,2015-12-14T08:00:00Z,31.6900,140.3855,22.25,0,0011117
5200620,127422,2015-12-14T09:00:00Z,31.6900,140.3855,22.25,0,0011117
5200620,127422,2015-12-14T11:00:00Z,31.7109,140.3680,22.25,0,0011117
5200620,127422,2015-12-14T14:00:00Z,31.7263,140.3909,22.2,0,0011117
5200620,127422,2015-12-14T15:00:00Z,31.7263,140.3909,22.2,0,0011117
5200620,127422,2015-12-14T16:00:00Z,31.7263,140.3909,22.2,0,0011117
5200620,127422,2015-12-14T17:00:00Z,31.7263,140.3909,22.2,0,0011117
5200620,127422,2015-12-14T18:00:00Z,31.7263,140.3909,22.2,0,0011117
5200620,127422,2015-12-14T19:00:00Z,31.7016,140.3937,22.25,0,0011117
5200620,127422,2015-12-14T20:00:00Z,31.7016,140.3937,22.3,0,0011117
5200620,127422,2015-12-14T21:00:00Z,31.7016,140.3937,22.15,0,0011117
5200620,127422,2015-12-15T00:00:00Z,31.7079,140.3936,22.2,0,0011117
5200620,127422,2015-12-15T01:00:00Z,31.7079,140.3936,22.3,0,0011117
5200620,127422,2015-12-15T04:00:00Z,31.6577,140.3660,22.45,0,0011117
5200620,127422,2015-12-15T05:00:00Z,31.6579,140.3661,22.35,0,0011117
5200620,127422,2015-12-15T06:00:00Z,31.6657,140.3778,22.3,0,0011117
5200620,127422,2015-12-15T07:00:00Z,31.6657,140.3778,22.25,0,0011117
